company_id,ticker,fiscal_year,annual_return,annual_volatility,gdp_growth,dgs10,cpi,unrate,gross_margin,operating_margin,net_margin,roa,roe,debt_to_equity,current_ratio,fcf_margin,asset_turnover,log_market_cap,prior_revenue_growth,predicted_revenue_growth,feature_year,predicted_for_year
COMP_0001,AAPL,2025,0.090526,0.324641,4.5949,4.2932,326.031,4.2636,0.4690516410716045,0.3197079976259188,0.2691506412181824,0.3117962593356549,1.5191298333175105,1.3380304612588665,0.8932929222186667,0.2373288222586931,1.1584451663368045,29.013683828275067,0.0642551178283274,0.058515332346406275,2025,2026
COMP_0002,MSFT,2025,0.155842,0.242988,4.5949,4.2932,326.031,4.2636,0.6882374238616519,0.4562195624085985,0.3614601524896707,0.1645097035070912,0.2964722734140952,0.1763950634536609,1.3534464445042416,0.2541884965427156,0.4551254194244616,28.90543709729647,0.1493215623240671,0.04991704624485619,2025,2026
COMP_0003,GOOGL,2025,0.659936,0.324116,4.5949,4.2932,326.031,4.2636,0.5965231508603998,0.3203263859238002,0.3280987796522654,0.2220295961067126,0.3182786895115167,0.1427787075722731,2.005333592875566,0.1818755026859565,0.6767157023321759,28.969815052677298,0.1509008108154437,0.06397133782418077,2025,2026
COMP_0004,GOOG,2025,0.654178,0.319693,4.5949,4.2932,326.031,4.2636,0.5965231508603998,0.3203263859238002,0.3280987796522654,0.2220295961067126,0.3182786895115167,0.1427787075722731,2.005333592875566,0.1818755026859565,0.6767157023321759,28.972362607392796,0.1509008108154437,0.06260629171512375,2025,2026
COMP_0005,AMZN,2025,0.052099,0.344892,4.5949,4.2932,326.031,4.2636,0.5028566486824266,0.1115529679575519,0.1083378433418326,0.094946225254938,0.1889482198679041,0.3721722841886319,1.0508153482718283,0.0107333552789417,0.8763902097936291,28.54047093353693,0.1237775468329469,0.06340567949998598,2025,2026
COMP_0006,META,2025,0.130931,0.380266,4.5949,4.2932,326.031,4.2636,0.8199944269179861,0.4143785515957923,0.3008369574952977,0.1651763150201764,0.2782966539773433,0.3861896585850867,2.5987666124868536,0.2294368201586338,0.5490559284849776,28.14540302515753,0.2216703849824621,0.06645760701066207,2025,2026
COMP_0007,NVDA,2025,0.389165,0.496366,4.5949,4.2932,326.031,4.2636,0.7498869705816992,0.6241752683969747,0.5584802715771244,0.6530407433625147,0.9187288060811576,0.1258335749492606,4.439851498864077,0.4663172333463604,1.169317479234057,29.137698192114858,1.1420340763599357,0.06513374558143946,2025,2026
COMP_0008,TSLA,2025,0.113609,0.633076,4.5949,4.2932,326.031,4.2636,0.1802651143661615,0.0511352251995739,0.040009701878157,0.0275314572660116,0.0461911197146231,0.1792006038691454,2.1644068865485275,0.0655931327575479,0.6881195303542661,28.155172048413284,-0.0293069915037362,0.0544766238306425,2025,2026
COMP_0010,JPM,2025,0.372663,0.249001,4.5949,4.2932,326.031,4.2636,,,0.3137142762872085,0.0128924947456439,0.1574007140531622,1.379496631147948,,-0.812672191457654,0.0410962959614906,27.47452956264489,0.0732298939441333,0.04696262843467114,2025,2026
COMP_0011,V,2025,0.117583,0.225753,4.5949,4.2932,326.031,4.2636,0.803625,0.6639,0.50145,0.2013309644975759,0.5291091825160252,0.6639848057189586,1.0775507874914405,0.539425,0.4014975859957642,27.221865808221768,0.113399766186049,0.05165777757014152,2025,2026
COMP_0012,UNH,2025,-0.331357,0.475552,4.5949,4.2932,326.031,4.2636,0.1852616479767275,0.0423713097703807,0.0269367491347664,0.038942958385689,0.1281054085644458,0.832950802252683,0.7883756756051071,0.0359164102804719,1.4457185679999742,26.412900453516748,0.118140392427263,0.05971481632409582,2025,2026
COMP_0013,MA,2025,0.090378,0.227866,4.5949,4.2932,326.031,4.2636,0.7788722515324327,0.5951023146595102,0.4564667134274648,0.2763816311834112,1.9345999741501871,2.455732195941579,1.0349705649767156,0.5011436064773871,0.6054803626493344,26.943457853468164,0.164163737707246,0.05079010555804819,2025,2026
COMP_0014,HD,2025,-0.093347,0.231988,4.5949,4.2932,326.031,4.2636,0.3341901024361498,0.13494740273581,0.0928194390461025,0.154038223452179,2.2298192771084335,9.38102409638554,1.1054394473326123,0.1023421141717968,1.65954701983999,26.547174662300343,0.044835559281845,0.04464981846618555,2025,2026
COMP_0015,PG,2025,-0.122599,0.189366,4.5949,4.2932,326.031,4.2636,0.5116036258364577,0.2426439181813867,0.1895258886621423,0.1275562760019484,0.3071214335153426,0.6818234253633777,0.7041987908369849,0.1666271178396848,0.6730282438054476,26.5189660115755,0.0029153131284285,0.05327834396735134,2025,2026
COMP_0018,AVGO,2025,0.50633,0.531705,4.5949,4.2932,326.031,4.2636,0.6776652527118193,0.4081425016043952,0.3619828760154648,0.1351670446309587,0.2844806377011268,0.8012596565467697,1.7053581073782005,0.4212750637844945,0.373407289645337,28.126055809187907,0.2387443285376351,0.06750096921353095,2025,2026
COMP_0019,LLY,2025,0.402456,0.404451,4.5949,4.2932,326.031,4.2636,0.8304361834333144,0.4556068672425167,0.3166664109605854,0.1835058145737757,0.7778405879027699,1.6017712455247786,1.5791132054047916,0.0915018640973319,0.5794925139585334,27.58507744219511,0.4470394955930998,0.06598174163836806,2025,2026
COMP_0020,CVX,2025,0.101044,0.242782,4.5949,4.2932,326.031,4.2636,0.3041012405656285,0.0904073045892253,0.0666858245857551,0.0379584706739256,0.0659640654330919,0.2186001609010458,1.1547009315002843,0.0899626962783031,0.5692134859202745,26.419924949281423,-0.0464392443153028,0.04022237724870583,2025,2026
COMP_0021,MRK,2025,0.097881,0.303999,4.5949,4.2932,326.031,4.2636,0.7480118749134762,0.340050145360016,0.2807832520650351,0.1333713266991071,0.3469946393947458,0.9378968178534768,1.5362022099057435,0.190121671717094,0.4749974427542268,26.269301455327284,0.0131373893529485,0.053127113374368456,2025,2026
COMP_0022,PEP,2025,-0.018445,0.227412,4.5949,4.2932,326.031,4.2636,0.541485227575193,0.143635879691243,0.0877295714665956,0.0767232469576066,0.4038028030971283,2.4454082132706065,0.8530399218654621,0.0816821932392866,0.8745425935064572,25.982955150782747,0.0225466501186666,0.05132282319020442,2025,2026
COMP_0023,COST,2025,-0.053947,0.216418,4.5949,4.2932,326.031,4.2636,0.1284320671426235,0.0377241266554035,0.0294257634385161,0.1050467580643069,0.2777053902071046,0.2802427650528048,1.0342783227336425,0.0284738496194161,3.569890660060442,26.666995010331902,0.0816732363147614,0.044277337373883625,2025,2026
COMP_0024,ABBV,2025,0.330778,0.25894,4.5949,4.2932,326.031,4.2636,0.7023544800523218,0.3284990189666448,0.0690974493132766,0.0315467303672738,-1.292354740061162,-20.64097859327217,0.6713483794959458,0.2913015042511445,0.4565541952821738,26.70764874341763,0.0856676252352042,0.04713681070799862,2025,2026
COMP_0025,WMT,2025,0.244897,0.251427,4.5949,4.2932,326.031,4.2636,0.2485106133027893,0.0430963971306269,0.0285410104481009,0.0745179681239767,0.2135519101666795,0.6604990495863229,0.8226828460200447,0.0185907178572215,2.610908547175671,27.506713813521316,0.0507000964320154,0.039897602553346644,2025,2026
COMP_0027,CSCO,2025,0.334737,0.237867,4.5949,4.2932,326.031,4.2636,0.6493804497475907,0.2207081582942069,0.1796872242030571,0.0832440653850242,0.2173216916081378,0.599726746792477,0.9977754962354553,0.2345465456984502,0.4632720314659296,26.42826475466742,0.0529896102447819,0.04818207806820746,2025,2026
COMP_0028,MCD,2025,0.078888,0.185416,4.5949,4.2932,326.031,4.2636,0.5740747628789288,0.4610005579319323,0.3185047424214245,0.1438796941947408,-4.783798882681564,-30.622346368715085,0.9545975693648244,0.2672865910358936,0.4517348567588003,26.09153302446744,0.037229938271605,0.048580945612392304,2025,2026
COMP_0029,ACN,2025,-0.22644,0.281971,4.5949,4.2932,326.031,4.2636,0.319139528084181,0.1555981740237682,0.1102067592145517,0.1174163941262878,0.2461395487020765,0.2623096332714717,1.4200349477501015,0.1560771545616602,1.0654191717742134,25.815809401822964,0.0736020532644121,0.04061480579232745,2025,2026
COMP_0030,TMO,2025,0.117773,0.3231,4.5949,4.2932,326.031,4.2636,0.4093408443117804,0.1820140494198442,0.1504589626770204,0.0607560062713538,0.1255266163611511,0.7374501469844776,1.8899861742050168,0.1412348228112305,0.4038045005120397,26.093475693658657,0.0391333753119242,0.05482352874054788,2025,2026
COMP_0031,ABT,2025,0.128672,0.221585,4.5949,4.2932,326.031,4.2636,0.5641806533116765,0.181668471395055,0.1471756000721891,0.0752367003794125,0.125148666794552,0.2658737770957222,1.5758971871968963,0.1668245804006497,0.5112036257539239,26.097516745512255,0.0566865315852205,0.04725984393835147,2025,2026
COMP_0032,DHR,2025,0.00352,0.329169,4.5949,4.2932,326.031,4.2636,0.5911348095083034,0.1908987300553565,0.1471019211983067,0.0433001054346784,0.0687935432291468,0.3749191000114212,1.873953283384751,0.2140996418104852,0.2943544522189207,25.808873838029776,0.0290261780104712,0.061073974863465864,2025,2026
COMP_0033,LIN,2025,0.032153,0.191874,4.5949,4.2932,326.031,4.2636,0.4883481433531454,0.2722885894191726,0.202965927146472,0.0794544847207344,0.1803634462021179,0.7339260033991372,0.8767601000131596,0.14973812746425,0.3914671089763525,26.00067086724548,0.0297227692773822,0.04748080779081096,2025,2026
COMP_0034,WFC,2025,0.355712,0.291433,4.5949,4.2932,326.031,4.2636,,,0.2549373349741335,0.0099309746531628,0.1178133471733741,1.065802768376243,,-0.2270158544307578,0.0389545715388077,26.365886624461822,0.0170482161951979,0.04720300579748253,2025,2026
COMP_0035,BAC,2025,0.280406,0.267632,4.5949,4.2932,326.031,4.2636,,,0.2697595869032777,0.0089423631005663,0.1006090824850037,1.2066362620076967,,0.1115237362617929,0.0331493801692861,26.67939391876179,0.0684042472793229,0.04696262843467114,2025,2026
COMP_0036,DIS,2025,0.033033,0.298582,4.5949,4.2932,326.031,4.2636,0.3776436325125761,0.1464866296002118,0.1313635160180037,0.0628006116022155,0.1128980877226515,0.4084591650055976,0.7103506820443768,0.1067196187450357,0.4780673775023543,26.00932284592751,0.0335372861505456,0.04101125620325049,2025,2026
COMP_0037,INTU,2025,0.060934,0.30562,4.5949,4.2932,326.031,4.2636,0.7956560989857151,0.2622271785884977,0.2054590834262652,0.1046864007792629,0.1962962962962963,0.3368340943683409,1.3603664416586307,0.3230311720036111,0.5095243249093566,25.91792158102107,0.1563401903592263,0.051313105627368884,2025,2026
COMP_0038,VZ,2025,0.088628,0.211221,4.5949,4.2932,326.031,4.2636,0.5892279526163064,0.2117286943433364,0.1242772684183485,0.0424827709037297,0.1644074286808347,1.7388761248324718,0.9126503126503126,0.1423826443111346,0.3418386278069945,25.82734919804379,0.0252470546339436,0.04554772084135242,2025,2026
COMP_0039,CMCSA,2025,-0.173482,0.272442,4.5949,4.2932,326.031,4.2636,0.7174695045551182,0.1670883620167007,0.1616561714373479,0.073351893218306,0.2063713197733816,1.0209900622271757,0.8819651592888677,0.155488371717041,0.4537525079686462,25.305912863259227,-0.0001939691750653,0.03247680531248776,2025,2026
COMP_0040,TXN,2025,-0.04473,0.401396,4.5949,4.2932,326.031,4.2636,0.5702409229725144,0.3472457866757154,0.2828299966067187,0.1446002602284227,0.3073188717507528,0.8632704479813188,4.352643241532131,0.1472118538626852,0.5112621078502241,25.773602839908065,0.1304903778530783,0.06666296857689728,2025,2026
COMP_0042,NFLX,2025,0.051923,0.340111,4.5949,4.2932,326.031,4.2636,0.4848657580247595,0.2949470460550725,0.2430381393583202,0.1975142972210745,0.4125868742290203,0.5433992418249104,1.185709316059751,0.2093939194347188,0.8126884847890964,26.701656489379378,0.1585106891967753,0.06472307179923385,2025,2026
COMP_0043,NEE,2025,0.154752,0.279475,4.5949,4.2932,326.031,4.2636,0.6226834962790019,0.2925725959433825,0.2493433532759375,0.0321312893414378,0.1251648110167008,1.751007178435394,0.5953455756672656,0.11713847949803,0.1288636288847833,25.82975220665048,0.1074213226679594,0.04766119796964082,2025,2026
COMP_0044,PM,2025,0.379868,0.265159,4.5949,4.2932,326.031,4.2636,0.6711769336744735,0.367373548514072,0.279177327297776,0.1640239936402399,-1.135481288773264,-4.886431859115469,0.9581547174263578,0.2623499311159221,0.587526197875262,26.23581078674563,0.0731295210940388,0.047864734469705045,2025,2026
COMP_0046,RTX,2025,0.614408,0.272615,4.5949,4.2932,326.031,4.2636,0.2007719828899698,0.1049625859169554,0.0759793686444025,0.0393502417012023,0.1031803203310598,0.6055023373438577,1.0263336962438758,0.084060359130052,0.5179069318852694,26.22510750370035,0.0974138571676286,0.04022237724870583,2025,2026
COMP_0047,HON,2025,-0.063661,0.247898,4.5949,4.2932,326.031,4.2636,0.3693445862934672,0.1753912718337695,0.1263020137813151,0.0641820822192967,0.3401179516685846,2.5577531645569622,1.2978132741095072,0.1448106404572405,0.5081635699841207,25.53003995452339,0.0784918051674972,0.023854391923105484,2025,2026
COMP_0048,AMGN,2025,0.29667,0.275636,4.5949,4.2932,326.031,4.2636,0.6724714973742211,0.2470681069902859,0.2098174199341514,0.0851235290221447,0.8906213906213907,6.306768306768307,1.1399819529993331,0.2204021659274577,0.4057028679928465,25.88301862521245,0.0995392532312111,0.05112810411943987,2025,2026
COMP_0049,LOW,2025,-0.00328,0.241571,4.5949,4.2932,326.031,4.2636,0.3331620336066161,0.12508067022014,0.0831441068910294,0.1614078233028629,-0.4888623427728199,-2.7881385707258803,1.0853548008743403,0.0919999043908502,1.9413020277481323,25.62090008198154,-0.0312930525487108,0.023557477981583027,2025,2026
COMP_0050,UPS,2025,-0.159336,0.326915,4.5949,4.2932,326.031,4.2636,0.1808010286371685,0.0887312347029697,0.0628461217446227,0.0762347790395402,0.3433783200838109,1.7618783508966538,1.219270166453265,0.0537440362729948,1.213038719387057,25.127225969822995,-0.0264521796420336,0.038823224671774896,2025,2026
COMP_0051,ORCL,2025,0.181281,0.618195,4.5949,4.2932,326.031,4.2636,0.70509939197547,0.3145002526176414,0.2167807801529643,0.0739066648451838,0.6084299056280866,5.090411226834874,0.7529638819961401,-0.0068642310841652,0.3409281246844578,27.047631120207782,0.0837975113762958,0.06775420637637382,2025,2026
COMP_0052,IBM,2025,0.382265,0.30221,4.5949,4.2932,326.031,4.2636,0.5818674484719261,0.1849680170575693,0.1568496801705756,0.0697458519884119,0.3244609164420485,1.978896103896104,0.9556624760722232,0.1696132433072731,0.4446668422438767,26.33931865532602,0.0762194636113013,0.05324254411751795,2025,2026
COMP_0053,CAT,2025,0.603046,0.320432,4.5949,4.2932,326.031,4.2636,0.3177736022133779,0.1649824675612895,0.1314415067540576,0.0901151290764315,0.4167370297401257,2.03255464865372,1.4356638765796816,0.1102694225391705,0.6855911142668762,26.294443013348747,0.0428952768905552,0.05436115986759729,2025,2026
COMP_0054,GS,2025,0.566377,0.312518,4.5949,4.2932,326.031,4.2636,,,0.2946999982842338,0.0094930692193752,0.1374387862881285,3.089892135838428,,-0.8101504726935813,0.0322126544779254,26.27164950261106,0.0891575721333532,0.059403631910462294,2025,2026
COMP_0055,BA,2025,0.226667,0.37636,4.5949,4.2932,326.031,4.2636,0.0479416071448531,-0.0605389937739624,0.0249823949565742,0.0132849882604689,0.4097909790979098,9.98038137147048,1.1881700041622347,-0.0210813408895297,0.5317740065979136,25.865842416625245,0.3449644451794278,0.059959586476656446,2025,2026
COMP_0056,SPGI,2025,0.057073,0.238271,4.5949,4.2932,326.031,4.2636,0.7024647887323944,0.4027777777777778,0.2915362545644235,0.0730555555555555,0.1436373566357182,0.4363414399074758,0.8244074898520362,0.3557642149191445,0.2505882352941176,25.760020497826297,0.0793918918918918,0.046516788699931755,2025,2026
COMP_0057,DE,2025,0.113853,0.276794,4.5949,4.2932,326.031,4.2636,0.3648270457852905,0.1884249412291503,0.1125489757080488,0.0474263179742631,0.1937186897880539,2.4759152215799616,2.307872438761362,0.0723385200940333,0.4213838258047473,25.55404267904512,-0.1158596935745674,0.01760800897468282,2025,2026
COMP_0061,AMD,2025,0.772994,0.60731,4.5949,4.2932,326.031,4.2636,0.4951644100580271,0.106642801466555,0.1251479546176275,0.0563528585913735,0.0688106160415244,0.0610644613406562,2.850026441036489,0.1944340194578365,0.4502898889842186,26.57893769038814,0.3433779329067288,0.06333171518050848,2025,2026
COMP_0062,BLK,2025,0.065525,0.276917,4.5949,4.2932,326.031,4.2636,0.4670465807730426,0.326602246448629,0.2293111992071357,0.0326650901775315,0.0993594331520183,0.2683223590037217,15.760919540229883,0.1466798810703667,0.1424487346909963,25.82500471904404,0.1866516391434312,0.03711941157505097,2025,2026
COMP_0063,SYK,2025,-0.014802,0.217121,4.5949,4.2932,326.031,4.2636,0.6396321070234113,0.2014253862079949,0.1292403248924988,0.0678454978680712,0.1447814451382694,0.7073595004460304,1.8931229150628688,0.1705287466157031,0.5249561073488839,25.62390921622976,0.1115733569373755,0.031941642283185134,2025,2026
COMP_0064,ADBE,2025,-0.21294,0.306704,4.5949,4.2932,326.031,4.2636,0.8926753334174765,0.3662754007320459,0.2999705498758888,0.2417276918904258,0.6134388712036479,0.5719693710745934,0.9963725490196078,0.4144894610627287,0.8058380797396257,25.65861004680995,0.1052778423622413,0.04716991859200192,2025,2026
COMP_0065,GILD,2025,0.365934,0.278293,4.5949,4.2932,326.031,4.2636,0.7882616670063175,0.3974254466408532,0.2890428639358739,0.1441810819511038,0.3748568408069773,1.0984054268346402,1.5526961821721832,0.3211738332993682,0.4988224929264863,25.737497035992863,0.0239271057939765,0.048073261056049664,2025,2026
COMP_0067,ADP,2025,-0.101796,0.199422,4.5949,4.2932,326.031,4.2636,0.4602716807143656,0.2632131861932114,0.1984203026132124,0.0764428238706522,0.6592921784098255,1.4649967679379443,1.0478193142643957,0.2136433716422919,0.385257067265263,25.340494486013416,0.0707352129399143,0.024514875922561203,2025,2026
COMP_0068,TGT,2025,-0.244988,0.341681,4.5949,4.2932,326.031,4.2636,0.2821162472083028,0.0522305425745547,0.0383893549537375,0.0708165278955841,0.278944497477158,1.3551752352379651,0.9353334294918024,0.0420021395191712,1.8446917897142063,24.49691909045978,-0.0078762149480504,0.03998563242903358,2025,2026
COMP_0069,ISRG,2025,0.085064,0.361835,4.5949,4.2932,326.031,4.2636,0.6599600584220096,0.2926565123649984,,,,,4.874638620277141,0.2474688763698868,0.4919520790666074,26.02449726353519,0.2050502268890459,0.06460809128296423,2025,2026
COMP_0070,BKNG,2025,0.085883,0.285016,4.5949,4.2932,326.031,4.2636,,0.3448378348255749,0.2007653155998068,0.1846637506834335,-0.9688060236643958,-3.458766583004661,1.3333333333333333,0.3375933424973065,0.9197990705303444,25.83039901352636,0.1338725304351489,0.044345159358774325,2025,2026
COMP_0072,CI,2025,0.017191,0.333864,4.5949,4.2932,326.031,4.2636,0.0895148509789888,0.0297749895929948,0.0217524666428096,0.0377218700726321,0.1428091961738546,0.7542732481480594,0.8486386709736964,0.0306331110737838,1.7341421868172924,24.99980883574168,0.1125582982595836,0.035142523381423076,2025,2026
COMP_0074,REGN,2025,0.089594,0.415096,4.5949,4.2932,326.031,4.2636,0.8535372902272205,0.2581067984856618,0.314085714883322,0.1110711142122405,0.1441249772050331,0.0865696854134607,4.125515062723194,0.2625131598212356,0.3536331292669636,25.11405815163855,0.0099211378679058,0.04254786084301508,2025,2026
COMP_0075,LMT,2025,0.024669,0.264118,4.5949,4.2932,326.031,4.2636,0.1015216927832853,0.1030140709945634,0.0668505489819848,0.0838402406417112,0.746466299657789,3.228686207409612,1.0868652239125778,0.0920477561027609,1.254144385026738,25.42565873339077,0.0563743085173769,0.01969931294221719,2025,2026
COMP_0076,MO,2025,0.181729,0.198357,4.5949,4.2932,326.031,4.2636,0.7220815333432643,0.5975967029147425,0.3449525795719748,0.1983893537424679,-1.983723586521987,-7.341233580810965,0.6480227223071882,0.4505685485873181,0.5751206556815261,25.259126502052172,-0.0149188025826648,0.026969752831855785,2025,2026
COMP_0077,SO,2025,0.094729,0.176933,4.5949,4.2932,326.031,4.2636,0.4846885256995906,0.2465062768585253,0.1468886407471322,0.0278769586437194,0.1205297645490893,2.0567247889826743,0.646435338702037,-0.0993130985009982,0.1897829437451836,25.295226658476587,0.1058599012123933,0.02380891465029479,2025,2026
COMP_0078,ZTS,2025,-0.217504,0.291881,4.5949,4.2932,326.031,4.2636,0.7183901975282561,0.379951410161614,0.2823492130558783,0.1728195513027736,0.8024617232062444,2.773341338937256,3.0281879194630874,0.2411534805112496,0.6120773259197,24.6801769510247,0.0227960242005185,0.03087656945077024,2025,2026
COMP_0079,CB,2025,0.137028,0.202651,4.5949,4.2932,326.031,4.2636,,,0.1724570530083803,0.0378588975753414,0.1397833425979907,0.2335642718657212,,0.2143753240887878,0.2195265250966668,25.51348009504442,0.0673629708980538,0.025423735020648118,2025,2026
COMP_0080,PGR,2025,-0.030216,0.244916,4.5949,4.2932,326.031,4.2636,,,0.1290322580645161,0.0919058184803192,0.3729182468753091,0.2274511097186954,,0.1962641350114677,0.7122700932224741,25.5483438841399,0.1631737520406673,0.027250141686209196,2025,2026
COMP_0081,CL,2025,-0.109772,0.212443,4.5949,4.2932,326.031,4.2636,0.6010695711902659,0.2076832499264056,0.1046020998920616,0.1305572565829761,39.48148148148148,158.40740740740742,0.8330658105939005,0.1782945736434108,1.248132271892223,24.857759507713688,0.0139794040097507,0.029953059144941827,2025,2026
COMP_0082,SCHW,2025,0.366486,0.249951,4.5949,4.2932,326.031,4.2636,,,0.3700514192550478,0.0180286968299066,0.179099645928174,0.6262215477996965,,0.366330839011747,0.0487194370614772,25.873970696243912,0.2200856880546771,0.047813206371823375,2025,2026
COMP_0083,USB,2025,0.164846,0.271266,4.5949,4.2932,326.031,4.2636,,,0.2652417659425368,0.0109338552311347,0.116116761001948,1.0493918058687282,,0.2792571829011913,0.0412222230246481,25.133285294367266,0.0440826778854948,0.02605055272188076,2025,2026
COMP_0084,EQIX,2025,-0.168799,0.273452,4.5949,4.2932,326.031,4.2636,0.5109037647824671,0.2133015080828903,0.1464684821525442,0.0336314491417752,0.0953659225769991,1.6053970048036168,1.316465450809145,-0.043398068785939,0.2296156049924017,25.03784947174455,0.053612254229538,0.027170210000504253,2025,2026
COMP_0085,ITW,2025,-0.004253,0.226231,4.5949,4.2932,326.031,4.2636,0.4409748192470705,0.262777362253802,0.1910994764397905,0.1898687143918751,0.9506976744186046,2.856124031007752,1.2095200936402652,0.168723510346547,0.9935595739410452,24.977674900466734,0.0091835451000126,0.021197852479297313,2025,2026
COMP_0086,NSC,2025,0.256466,0.227446,4.5949,4.2932,326.031,4.2636,0.3634646962233169,0.375287356321839,0.2358784893267652,0.0635113626315324,0.1847944941146201,1.1130764777770632,0.8471523178807947,0.1770935960591133,0.2692545760014148,24.8865367451726,0.0047018064835435,0.019255222373314437,2025,2026
COMP_0087,DUK,2025,0.127244,0.16958,4.5949,4.2932,326.031,4.2636,0.5117721872382666,0.2660607376616931,0.154108632937308,0.0253811255977439,0.095829636202307,1.7528066046834614,0.5517650971634912,-0.052548314049074,0.1646963256631381,25.2211687635508,0.0619297031986032,0.025171562593014615,2025,2026
COMP_0088,AON,2025,-0.011552,0.217115,4.5949,4.2932,326.031,4.2636,0.4770385891391653,0.2740818345847157,0.215063151155346,0.0727591367359798,0.3951026518391788,1.7184559452523525,1.109704641350211,0.1872999243350212,0.3383152173913043,25.04300123280118,0.0944706332016818,0.024653745780209936,2025,2026
COMP_0089,GE,2025,0.857337,0.304524,4.5949,4.2932,326.031,4.2636,0.3148620652055392,0.1892923345327663,0.1898157234761749,0.0668669191589395,0.4660277346468919,1.09733897306848,1.0414047869474872,0.1584123868716606,0.3522728145718258,26.495861172050336,0.1848224897938091,0.04632649071407295,2025,2026
COMP_0091,ASML.AS,2025,0.370816,0.369657,4.5949,4.2932,326.031,4.2636,0.5282958799778371,0.3459545172083398,0.2941596030281045,0.1900345287205388,0.4899705285485565,0.2238861524969151,1.26179633117512,0.3375638635577473,0.6460252419581305,26.592182597660845,0.1558368037250246,0.06560661843636076,2025,2026
COMP_0092,SAP.DE,2025,-0.110312,0.29407,4.5949,4.2932,326.031,4.2636,0.728641304347826,0.2614130434782609,0.1945923913043478,0.1017736846593331,0.1606109541111559,0.1676759520925851,1.163068442811208,0.2287228260869565,0.5230095790341377,26.200570732693244,0.0767790262172285,0.0523309247290732,2025,2026
COMP_0093,NESN.SW,2025,0.089312,0.208892,4.5949,4.2932,326.031,4.2636,0.4582633364855092,0.1555431940813261,0.1004950770428881,0.0710415175657289,0.2753124047546479,1.7632429137458092,0.7855949279992136,0.122300717583579,0.7069153998002375,25.99416554549306,-0.0200065416484954,0.04158865698816831,2025,2026
COMP_0094,OR.PA,2025,0.091833,0.245159,4.5949,4.2932,326.031,4.2636,0.7431807863434123,0.2018500862616907,0.1390901661672569,0.0991116316085744,0.175297254614742,0.3409158531979904,1.44460352064556,0.1625715064015254,0.7125710921172672,25.977720697369637,0.0129970473798946,0.04444405054655075,2025,2026
COMP_0095,MC.PA,2025,0.039289,0.32713,4.5949,4.2932,326.031,4.2636,0.6624178598388754,0.2186444243691759,0.1346170505030504,0.0765856783795771,0.1612224330092482,0.5443887834953759,1.584001841136244,0.1757892261809001,0.5689151418292416,26.4700933837772,-0.0457594293946765,0.06155251096189922,2025,2026
COMP_0097,TTE.PA,2025,0.12357,0.203919,4.5949,4.2932,326.031,4.2636,0.2843361997104374,0.1092714868600008,0.0719903040407142,0.0451014413083437,0.1142640773656676,0.5228885039561989,0.9665741170878211,0.056980213223358,0.6264932744670252,25.529641034542628,-0.0678186186800265,0.01762488260224118,2025,2026
COMP_0098,AIR.PA,2025,0.310633,0.277223,4.5949,4.2932,326.031,4.2636,0.1493734677199673,0.0713157177880686,0.0711114137837101,0.0386915569257219,0.2000076616610481,0.4222724486668709,1.1595944009699106,0.0549032961046036,0.5440977034067245,25.756004544415557,0.0605228946988298,0.03824385989569295,2025,2026
COMP_0099,BNP.PA,2025,0.501412,0.280529,4.5949,4.2932,326.031,4.2636,,,0.1776786233358525,0.0043770437392878,0.097400269294814,3.174874315807924,,0.635079355851404,0.0246346108333712,25.182664978645615,0.0445422802489752,0.02605055272188076,2025,2026
COMP_0100,SIE.DE,2025,0.297971,0.329293,4.5949,4.2932,326.031,4.2636,0.3852168183085384,0.1152140304635425,0.1219048584535063,0.057881373268673,0.1545530492898914,0.8999260972945183,1.3692262118871796,0.1370099095217578,0.4748077640461607,25.90848630028501,0.0392993546687738,0.05571748715961884,2025,2026
COMP_0101,ALV.DE,2025,0.376631,0.204924,4.5949,4.2932,326.031,4.2636,,,0.0783921425973081,0.0105196255696706,0.1717898026210899,0.5624023468639393,,0.2251291378683157,0.134192346594082,25.67623991347267,-0.0178424689346681,0.037362808756134805,2025,2026
COMP_0102,DTE.DE,2025,-0.014507,0.226879,4.5949,4.2932,326.031,4.2636,0.6107585577516202,0.2164217570958992,0.0811961839737035,0.0331608971284022,0.1545575911598655,2.25928487558508,1.1174826313504125,0.1805852479656591,0.4084046257536175,25.587848372576794,0.0280772471788099,0.029255144954419148,2025,2026
COMP_0103,BAS.DE,2025,0.102267,0.295221,4.5949,4.2932,326.031,4.2636,0.2406966608555719,0.0479415314469625,0.0271389298645567,0.0212539711712657,0.04877387479665,0.6991926251732241,1.9306562671378953,0.0225124044521925,0.7831543571297293,24.35227831045219,-0.0290838663476717,0.01788583406791202,2025,2026
COMP_0104,BMW.DE,2025,0.244298,0.309873,4.5949,4.2932,326.031,4.2636,0.1543239942151918,0.074790375637865,0.0546559462882063,0.0274244549135795,0.0762197352059103,0.923226433430515,1.1214331163428124,-0.0204941065393809,0.5017652565919832,24.7022887953896,-0.0626984126984127,0.030969719256535567,2025,2026
COMP_0105,MBG.DE,2025,0.213164,0.274949,4.5949,4.2932,326.031,4.2636,0.1689155460087434,0.0368342233046424,0.0388839305973648,0.0201240086743441,0.0551272290551915,0.8821536184951264,1.3845027654267432,0.0625047271847156,0.5175404946255079,24.707313948071985,-0.0918993914584391,0.018692093916391567,2025,2026
COMP_0106,VOW3.DE,2025,0.239615,0.275374,4.5949,4.2932,326.031,4.2636,0.1591796541301531,0.033530798694057,0.0227483823269019,0.0113628781613333,0.0388948198664733,1.0429154915364065,1.0942059375344884,-0.0290047310919409,0.4995026898196494,24.608174351247875,-0.0084458887126334,0.019238002169401927,2025,2026
COMP_0107,ADS.DE,2025,-0.279527,0.330736,4.5949,4.2932,326.031,4.2636,0.5161017290717826,0.0830679940349038,0.0540083027689331,0.0661336491955384,0.231994459833795,0.9619113573407202,1.3170222124477675,0.01104348877514,1.2245089329779884,24.105231479786287,0.0476291010429421,0.04469917854110167,2025,2026
COMP_0108,DBK.DE,2025,1.045123,0.362726,4.5949,4.2932,326.031,4.2636,,,0.2159257297735131,0.0048297396567547,0.0881346880126142,2.091173815185463,,1.4524128477522664,0.0223675967742272,24.836013279152144,0.0682930076213932,0.04286239086148826,2025,2026
COMP_0109,ENEL.MI,2025,0.373284,0.167508,4.5949,4.2932,326.031,4.2636,0.4683626875407697,0.0529413508865563,0.0626371345549427,0.0236486675585059,0.1317512785331171,2.1352126730697267,0.7284915963708221,0.0636749095653205,0.377550277906827,25.17685227501608,-0.0452518790074877,0.02005920498878571,2025,2026
COMP_0110,ENI.MI,2025,0.322951,0.193826,4.5949,4.2932,326.031,4.2636,0.0942897834475539,0.0548502148482672,0.0317464181811542,0.0190269134523488,0.0544013350020859,0.7134334584897789,1.327366562542442,0.0499202687733563,0.5993404781533388,24.555488665147536,-0.0748448708852776,0.01797588277370431,2025,2026
COMP_0112,UCG.MI,2025,0.941131,0.316516,4.5949,4.2932,326.031,4.2636,,,0.4359199648548265,0.0125425458322895,0.1611998050538317,1.919008728271625,,0.2899077439194856,0.0287725886481629,25.364879330088787,-0.0579404793257835,0.038491556197671924,2025,2026
COMP_0113,HSBA.L,2025,0.495505,0.240795,4.5949,4.2932,326.031,4.2636,,,0.3137848493382146,0.0068929061680143,0.1124227519233194,1.2921629461470552,,0.3534919740918051,0.0219669820979303,30.632843931159393,0.0537717371950856,0.0476617455024173,2025,2026
COMP_0115,AZN.L,2025,0.317629,0.257947,4.5949,4.2932,326.031,4.2636,0.8189788726399837,0.2268850337935613,0.1740751459847801,0.0896347984641548,0.2101013006760227,0.5989479524112848,0.9381389424176112,0.1476021042237695,0.5149201395585322,30.69367322532455,0.0862907550903409,0.047789276476747924,2025,2026
COMP_0116,GSK.L,2025,0.355575,0.260099,4.5949,4.2932,326.031,4.2636,0.7239722043652616,0.2552422934459852,0.1749778063489148,0.093524002748781,0.3490260731513708,1.0820052512670209,0.8185685568697115,0.1455903511188661,0.5344906574168002,29.62011061015545,0.0411460989291176,0.05087205198316194,2025,2026
COMP_0119,RIO.L,2025,0.26986,0.211407,4.5949,4.2932,326.031,4.2636,0.5742912661785627,0.2680176272597939,0.172906762899476,0.077797380212643,0.1602173528607945,0.3780685819011944,1.444675150703282,0.0780214441861272,0.4499383303929681,29.907791417261866,0.0741734690074173,0.04678326701997498,2025,2026
COMP_0120,BHP.L,2025,0.157754,0.232469,4.5949,4.2932,326.031,4.2636,0.7165346650540362,0.3721665171081893,0.1759392922632749,0.0829028403345895,0.1950982088777364,0.5298953015488449,1.4598120084404371,0.1813038898209199,0.4712013971872414,30.071202941675804,-0.0789823565345503,0.04739967457875875,2025,2026
COMP_0121,DGE.L,2025,-0.367817,0.262383,4.5949,4.2932,326.031,4.2636,0.6012842677204248,0.2141269449246727,0.1162756236107681,0.0477271805685089,0.212263300270514,2.2002705139765553,1.633401792382375,0.1326253395900222,0.4104659178459916,28.902201381970514,-0.0011840742019832,0.048777459618739805,2025,2026
COMP_0122,REL.L,2025,-0.167679,0.206377,4.5949,4.2932,326.031,4.2636,0.6628779979144943,0.3110531803962461,0.2153284671532846,0.1399335908382462,0.8727810650887574,3.0714285714285716,0.4932511248125312,0.2409801876955161,0.6498610828759233,29.29758990506476,0.0165359338562645,0.05314355543364908,2025,2026
COMP_0123,VOD.L,2025,0.448411,0.261365,4.5949,4.2932,326.031,4.2636,0.3343035676137577,0.1104998931852168,-0.1113277077547532,-0.032438278569261,-0.0790406673618352,1.0075457389326004,1.2578008262283555,0.2316278572954496,0.2913765065631297,28.453620504901348,0.0199090339624696,0.04106921071209171,2025,2026
COMP_0124,LSEG.L,2025,-0.206632,0.27233,4.5949,4.2932,326.031,4.2636,0.8809116199443612,0.2321848919323774,0.1336400599186818,0.0015677089609189,0.063147783002174,0.5924465342029425,1.0000720352579844,0.1836079606248662,0.0117308310238181,29.103110618471973,0.0550914427636035,0.05009791087013489,2025,2026
COMP_0125,NOVN.SW,2025,0.279809,0.204609,4.5949,4.2932,326.031,4.2636,0.7582842220418534,0.3113244168401736,0.2467445389420192,0.1260398922027237,0.3031432907001951,0.766876219380013,1.1166507808490358,0.2689769559233511,0.5108112736482529,26.03623303745228,0.0957426240284597,0.05192286120237168,2025,2026
COMP_0127,6758.T,2025,0.201069,0.397256,4.5949,4.2932,326.031,4.2636,0.293322089383749,0.1063853618599945,0.0948573222399456,0.0323461990793516,0.1395642529198648,0.5132490071512009,0.6974586828740545,0.141312981219563,0.3409984418232954,30.79262801492327,0.0688168253798811,0.05679898546865524,2025,2026
COMP_0128,9984.T,2025,0.923683,0.623313,4.5949,4.2932,326.031,4.2636,0.5182677430149458,0.1007480653672295,0.1592174883955165,0.0256217677102972,0.0997559062412181,1.6358848703645994,0.7584978347685789,-0.0898143669192429,0.1609230742708962,30.851508196182973,0.0721160364093835,0.06615030790533387,2025,2026
COMP_0129,6861.T,2025,-0.116181,0.319037,4.5949,4.2932,326.031,4.2636,0.8381288680964363,0.5190743477049885,0.3763941669931879,0.1212006236121346,0.1282449191778036,,9.715478457510116,0.3731122745233183,0.3220045214311947,30.247160836835736,0.0949634441862197,0.06486405322624911,2025,2026
COMP_0130,9432.T,2025,0.032911,0.166831,4.5949,4.2932,326.031,4.2636,0.7739026103912905,0.1218294242563168,0.0729686917513935,0.0332645842993075,0.0978337316896094,1.0929039688259758,0.9441749218269104,0.0169094211070384,0.4558747525944547,30.16681869996177,0.0246855057534938,0.04932571171348951,2025,2026
COMP_0131,8058.T,2025,0.423807,0.271077,4.5949,4.2932,326.031,4.2636,0.0986375204839764,0.0199325895962643,0.0510650647202075,0.0442270376064425,0.1014770010056876,0.5699076735611739,1.487734190942747,0.0684329307519266,0.8660918741368203,30.19633986623718,-0.0485496408067601,0.03766478569103501,2025,2026
COMP_0132,8306.T,2025,0.395503,0.345001,4.5949,4.2932,326.031,4.2636,,,0.2724226976361125,0.0045095258215731,0.0907851387778543,1.1666525262562082,,-0.0658463137566921,0.0165534144573987,30.948298666150897,0.163044334179454,0.0637744665742786,2025,2026
COMP_0133,6367.T,2025,0.095642,0.290258,4.5949,4.2932,326.031,4.2636,0.3422923678570639,0.0845203463139698,0.0557109294694082,0.0515752083992413,0.0943709358747286,0.3517560015298558,1.849362981166484,0.0564911774948525,0.925764637037014,29.342774481259383,0.0812269058181696,0.037905163053846405,2025,2026
COMP_0134,6902.T,2025,0.0048,0.293929,4.5949,4.2932,326.031,4.2636,0.0875727236733471,0.0275263691123894,0.1631512314872409,0.074958523076923,0.1223393848380138,0.1404874709386762,1.85358581697196,0.0839335263166072,0.4594419692307692,29.37242444982419,-0.4775219731794036,0.04207417624638901,2025,2026
COMP_0136,4519.T,2025,0.218783,0.438579,4.5949,4.2932,326.031,4.2636,0.7108846917303753,0.4760421991174466,,,,,4.234627575855618,0.2183512581273684,0.5095777152590846,30.238589611755263,0.0746020667839273,0.06460809128296423,2025,2026
COMP_0140,7741.T,2025,0.210543,0.312938,4.5949,4.2932,326.031,4.2636,0.8650237352043034,0.5427679594497723,0.2281537341318447,0.1637410696779817,0.2074920202089683,0.0382773302067815,4.900789936938744,0.2113206482166141,0.7176786753065355,29.694536796908945,0.1175671311132082,0.05868516569373734,2025,2026
COMP_0143,6971.T,2025,0.431884,0.279348,4.5949,4.2932,326.031,4.2636,0.2775809226718505,0.0132517297491032,0.011962050262751,0.0053414675613962,0.0074886847735152,0.1064029078360662,2.9200743570031036,0.0347856044367357,0.4465344522108559,28.682395992801553,0.0051057243687198,0.03898864712025762,2025,2026
COMP_0144,7751.T,2025,-0.069351,0.275804,4.5949,4.2932,326.031,4.2636,0.46747732352634,0.0984685150063992,0.0717994813531696,0.0541239802029129,0.0950948620313602,0.2709653566290013,1.5357563700808656,0.0462163496353406,0.7538213254868261,29.006714734519676,0.0254790600336465,0.0412096742808617,2025,2026
COMP_0145,8316.T,2025,0.385463,0.327326,4.5949,4.2932,326.031,4.2636,,,0.2325174600874923,0.0038461154828173,0.0801128874666498,2.2102907869662554,,0.8845758091408096,0.0165411899879266,30.57160611034305,0.1427577344643613,0.06331117588476609,2025,2026
COMP_0146,9983.T,2025,0.069362,0.314456,4.5949,4.2932,326.031,4.2636,0.5378141524034866,0.1654328916680561,0.1273356958999735,0.1121975626484542,0.1904919020815049,0.2259014612107174,2.773883424723826,0.118166561242203,0.8811163425579365,30.486850877277305,0.0955923573281578,0.058150959602232814,2025,2026
COMP_0147,8031.T,2025,0.446691,0.270004,4.5949,4.2932,326.031,4.2636,0.0878673797725099,0.0273248573583711,0.0614038964386992,0.0535550972848421,0.1193040853415736,0.6415141093059603,1.5562816332506428,0.0457879287603443,0.8721775064927247,30.198920756541884,0.1003890298359273,0.03844306426167374,2025,2026
COMP_0148,4502.T,2025,0.209029,0.207478,4.5949,4.2932,326.031,4.2636,0.6550912562143256,0.1017930390821798,0.0235570879817773,0.0075747750054322,0.0155626089027905,0.651075747604499,1.0058531326886948,0.1478881278414231,0.3215497183391979,29.646975981116285,0.0745325372288603,0.049542024933068245,2025,2026
