company_id,ticker,fiscal_year,revenue,gross_profit,operating_income,net_income,total_assets,total_equity,total_debt,current_assets,current_liabilities,free_cash_flow
COMP_0001,AAPL,2025,416161000000.0,195201000000.0,133050000000.0,112010000000.0,359241000000.0,73733000000.0,98657000000.0,147957000000.0,165631000000.0,98767000000.0
COMP_0001,AAPL,2024,391035000000.0,180683000000.0,123216000000.0,93736000000.0,364980000000.0,56950000000.0,106629000000.0,152987000000.0,176392000000.0,108807000000.0
COMP_0001,AAPL,2023,383285000000.0,169148000000.0,114301000000.0,96995000000.0,352583000000.0,62146000000.0,111088000000.0,143566000000.0,145308000000.0,99584000000.0
COMP_0001,AAPL,2022,394328000000.0,170782000000.0,119437000000.0,99803000000.0,352755000000.0,50672000000.0,132480000000.0,135405000000.0,153982000000.0,111443000000.0
COMP_0002,MSFT,2025,281724000000.0,193893000000.0,128528000000.0,101832000000.0,619003000000.0,343479000000.0,60588000000.0,191131000000.0,141218000000.0,71611000000.0
COMP_0002,MSFT,2024,245122000000.0,171008000000.0,109433000000.0,88136000000.0,512163000000.0,268477000000.0,67127000000.0,159734000000.0,125286000000.0,74071000000.0
COMP_0002,MSFT,2023,211915000000.0,146052000000.0,88523000000.0,72361000000.0,411976000000.0,206223000000.0,59965000000.0,184257000000.0,104149000000.0,59475000000.0
COMP_0002,MSFT,2022,198270000000.0,135620000000.0,83383000000.0,72738000000.0,364840000000.0,166542000000.0,61270000000.0,169684000000.0,95082000000.0,65149000000.0
COMP_0003,GOOGL,2025,402836000000.0,240301000000.0,129039000000.0,132170000000.0,595281000000.0,415265000000.0,59291000000.0,206038000000.0,102745000000.0,73266000000.0
COMP_0003,GOOGL,2024,350018000000.0,203712000000.0,112390000000.0,100118000000.0,450256000000.0,325084000000.0,22574000000.0,163711000000.0,89122000000.0,72764000000.0
COMP_0003,GOOGL,2023,307394000000.0,174062000000.0,84293000000.0,73795000000.0,402392000000.0,283379000000.0,27121000000.0,171530000000.0,81814000000.0,69495000000.0
COMP_0003,GOOGL,2022,282836000000.0,156633000000.0,74842000000.0,59972000000.0,365264000000.0,256144000000.0,29679000000.0,164795000000.0,69300000000.0,60010000000.0
COMP_0004,GOOG,2025,402836000000.0,240301000000.0,129039000000.0,132170000000.0,595281000000.0,415265000000.0,59291000000.0,206038000000.0,102745000000.0,73266000000.0
COMP_0004,GOOG,2024,350018000000.0,203712000000.0,112390000000.0,100118000000.0,450256000000.0,325084000000.0,22574000000.0,163711000000.0,89122000000.0,72764000000.0
COMP_0004,GOOG,2023,307394000000.0,174062000000.0,84293000000.0,73795000000.0,402392000000.0,283379000000.0,27121000000.0,171530000000.0,81814000000.0,69495000000.0
COMP_0004,GOOG,2022,282836000000.0,156633000000.0,74842000000.0,59972000000.0,365264000000.0,256144000000.0,29679000000.0,164795000000.0,69300000000.0,60010000000.0
COMP_0005,AMZN,2025,716924000000.0,360510000000.0,79975000000.0,77670000000.0,818042000000.0,411065000000.0,152987000000.0,229083000000.0,218005000000.0,7695000000.0
COMP_0005,AMZN,2024,637959000000.0,311671000000.0,68593000000.0,59248000000.0,624894000000.0,285970000000.0,130900000000.0,190867000000.0,179431000000.0,32878000000.0
COMP_0005,AMZN,2023,574785000000.0,270046000000.0,36852000000.0,30425000000.0,527854000000.0,201875000000.0,135611000000.0,172351000000.0,164917000000.0,32217000000.0
COMP_0005,AMZN,2022,513983000000.0,225152000000.0,12248000000.0,-2722000000.0,462675000000.0,146043000000.0,140118000000.0,146791000000.0,155393000000.0,-16893000000.0
COMP_0006,META,2025,200966000000.0,164791000000.0,83276000000.0,60458000000.0,366021000000.0,217243000000.0,83897000000.0,108722000000.0,41836000000.0,46109000000.0
COMP_0006,META,2024,164501000000.0,134340000000.0,69380000000.0,62360000000.0,276054000000.0,182637000000.0,49060000000.0,100045000000.0,33596000000.0,54072000000.0
COMP_0006,META,2023,134902000000.0,108943000000.0,46751000000.0,39098000000.0,229623000000.0,153168000000.0,37234000000.0,85365000000.0,31960000000.0,44068000000.0
COMP_0006,META,2022,116609000000.0,91360000000.0,28944000000.0,23200000000.0,185727000000.0,125713000000.0,26591000000.0,59549000000.0,27026000000.0,19289000000.0
COMP_0007,NVDA,2026,215938000000.0,153463000000.0,130387000000.0,120067000000.0,206803000000.0,157293000000.0,11040000000.0,125605000000.0,32163000000.0,96676000000.0
COMP_0007,NVDA,2025,130497000000.0,97858000000.0,81453000000.0,72880000000.0,111601000000.0,79327000000.0,9982000000.0,80126000000.0,18047000000.0,60853000000.0
COMP_0007,NVDA,2024,60922000000.0,44301000000.0,32972000000.0,29760000000.0,65728000000.0,42978000000.0,11056000000.0,44345000000.0,10631000000.0,27021000000.0
COMP_0007,NVDA,2023,26974000000.0,15356000000.0,5577000000.0,4368000000.0,41182000000.0,22101000000.0,12031000000.0,23073000000.0,6563000000.0,3808000000.0
COMP_0008,TSLA,2025,94827000000.0,17094000000.0,4849000000.0,3794000000.0,137806000000.0,82137000000.0,14719000000.0,68642000000.0,31714000000.0,6220000000.0
COMP_0008,TSLA,2024,97690000000.0,17450000000.0,7760000000.0,7130000000.0,122070000000.0,72913000000.0,13623000000.0,58360000000.0,28821000000.0,3581000000.0
COMP_0008,TSLA,2023,96773000000.0,17660000000.0,8891000000.0,14999000000.0,106618000000.0,62634000000.0,9573000000.0,49616000000.0,28748000000.0,4357000000.0
COMP_0008,TSLA,2022,81462000000.0,20853000000.0,13832000000.0,12583000000.0,82338000000.0,44704000000.0,5748000000.0,40917000000.0,26709000000.0,7552000000.0
COMP_0010,JPM,2025,181847000000.0,,,57048000000.0,4424900000000.0,362438000000.0,499982000000.0,,,-147782000000.0
COMP_0010,JPM,2024,169439000000.0,,,58471000000.0,4002814000000.0,344758000000.0,454311000000.0,,,-42012000000.0
COMP_0010,JPM,2023,154952000000.0,,,49552000000.0,3875393000000.0,327878000000.0,436537000000.0,,,12974000000.0
COMP_0010,JPM,2022,127727000000.0,,,37676000000.0,3665743000000.0,292332000000.0,339892000000.0,,,107119000000.0
COMP_0011,V,2025,40000000000.0,32145000000.0,26556000000.0,20058000000.0,99627000000.0,37909000000.0,25171000000.0,37766000000.0,35048000000.0,21577000000.0
COMP_0011,V,2024,35926000000.0,28884000000.0,24057000000.0,19743000000.0,94511000000.0,39137000000.0,20836000000.0,34033000000.0,26517000000.0,18693000000.0
COMP_0011,V,2023,32653000000.0,26086000000.0,21927000000.0,17273000000.0,90499000000.0,38733000000.0,20463000000.0,33532000000.0,23098000000.0,19696000000.0
COMP_0011,V,2022,29310000000.0,23577000000.0,19681000000.0,14957000000.0,85501000000.0,35581000000.0,22450000000.0,30205000000.0,20853000000.0,17879000000.0
COMP_0012,UNH,2025,447567000000.0,82917000000.0,18964000000.0,12056000000.0,309581000000.0,94110000000.0,78389000000.0,90582000000.0,114897000000.0,16075000000.0
COMP_0012,UNH,2024,400278000000.0,89399000000.0,32287000000.0,14405000000.0,298278000000.0,92658000000.0,76904000000.0,85779000000.0,103769000000.0,20705000000.0
COMP_0012,UNH,2023,371622000000.0,90958000000.0,32358000000.0,22381000000.0,273720000000.0,88756000000.0,62537000000.0,78437000000.0,99054000000.0,25682000000.0
COMP_0012,UNH,2022,324162000000.0,79617000000.0,28435000000.0,20120000000.0,245705000000.0,77772000000.0,57623000000.0,69069000000.0,89237000000.0,23404000000.0
COMP_0013,MA,2025,32791000000.0,25540000000.0,19514000000.0,14968000000.0,54157000000.0,7737000000.0,19000000000.0,23558000000.0,22762000000.0,16433000000.0
COMP_0013,MA,2024,28167000000.0,21494000000.0,16327000000.0,12874000000.0,48081000000.0,6485000000.0,18226000000.0,19724000000.0,19220000000.0,13586000000.0
COMP_0013,MA,2023,25098000000.0,19076000000.0,14630000000.0,11195000000.0,42448000000.0,6929000000.0,15681000000.0,18961000000.0,16264000000.0,10892000000.0
COMP_0013,MA,2022,22237000000.0,16974000000.0,12722000000.0,9930000000.0,38724000000.0,6298000000.0,14023000000.0,16606000000.0,14171000000.0,10098000000.0
COMP_0014,HD,2026,164683000000.0,54865000000.0,20890000000.0,14156000000.0,105095000000.0,12813000000.0,65350000000.0,34391000000.0,32424000000.0,12646000000.0
COMP_0014,HD,2025,159514000000.0,53308000000.0,21526000000.0,14806000000.0,96119000000.0,6640000000.0,62290000000.0,31683000000.0,28661000000.0,16325000000.0
COMP_0014,HD,2024,152669000000.0,50960000000.0,21689000000.0,15143000000.0,76530000000.0,1044000000.0,52243000000.0,29775000000.0,22015000000.0,17946000000.0
COMP_0014,HD,2023,157403000000.0,52778000000.0,24039000000.0,17105000000.0,76445000000.0,1562000000.0,50364000000.0,32471000000.0,23110000000.0,11496000000.0
COMP_0015,PG,2025,84284000000.0,43120000000.0,20451000000.0,15974000000.0,125231000000.0,52012000000.0,35463000000.0,25392000000.0,36058000000.0,14044000000.0
COMP_0015,PG,2024,84039000000.0,43191000000.0,19886000000.0,14879000000.0,122370000000.0,50286000000.0,33369000000.0,24709000000.0,33627000000.0,16524000000.0
COMP_0015,PG,2023,82006000000.0,39246000000.0,18134000000.0,14653000000.0,120829000000.0,46777000000.0,35424000000.0,22648000000.0,35756000000.0,13786000000.0
COMP_0015,PG,2022,80187000000.0,38030000000.0,17813000000.0,14742000000.0,117208000000.0,46589000000.0,32293000000.0,21653000000.0,33081000000.0,13567000000.0
COMP_0018,AVGO,2025,63887000000.0,43294000000.0,26075000000.0,23126000000.0,171092000000.0,81292000000.0,65136000000.0,31573000000.0,18514000000.0,26914000000.0
COMP_0018,AVGO,2024,51574000000.0,32509000000.0,14996000000.0,5895000000.0,165645000000.0,67678000000.0,67566000000.0,19595000000.0,16697000000.0,19414000000.0
COMP_0018,AVGO,2023,35819000000.0,24690000000.0,16451000000.0,14082000000.0,72861000000.0,23988000000.0,39229000000.0,20847000000.0,7405000000.0,17633000000.0
COMP_0018,AVGO,2022,33203000000.0,22095000000.0,14282000000.0,11495000000.0,73249000000.0,22709000000.0,39515000000.0,18504000000.0,7052000000.0,16312000000.0
COMP_0019,LLY,2025,65179000000.0,54127000000.0,29696000000.0,20640000000.0,112476000000.0,26535000000.0,42503000000.0,55629000000.0,35228000000.0,5964000000.0
COMP_0019,LLY,2024,45043000000.0,36625000000.0,17040000000.0,10590000000.0,78715000000.0,14272000000.0,33644000000.0,32740000000.0,28376000000.0,414000000.0
COMP_0019,LLY,2023,34124000000.0,27042000000.0,10325000000.0,5240000000.0,64006300000.0,10771900000.0,25225300000.0,25727000000.0,27293200000.0,-3152000000.0
COMP_0019,LLY,2022,28541400000.0,21911600000.0,8280400000.0,6244800000.0,49489800000.0,10649800000.0,16238600000.0,18034500000.0,17138200000.0,4600400000.0
COMP_0020,CVX,2025,184432000000.0,56086000000.0,16674000000.0,12299000000.0,324012000000.0,186450000000.0,40758000000.0,38552000000.0,33387000000.0,16592000000.0
COMP_0020,CVX,2024,193414000000.0,56926000000.0,18917000000.0,17661000000.0,256938000000.0,152318000000.0,24541000000.0,40911000000.0,38558000000.0,15044000000.0
COMP_0020,CVX,2023,196913000000.0,60391000000.0,26229000000.0,21369000000.0,261632000000.0,160957000000.0,20836000000.0,41128000000.0,32258000000.0,19780000000.0
COMP_0020,CVX,2022,235717000000.0,73982000000.0,39950000000.0,35465000000.0,257709000000.0,159282000000.0,23339000000.0,50343000000.0,34208000000.0,37628000000.0
COMP_0021,MRK,2025,65011000000.0,48629000000.0,22107000000.0,18254000000.0,136866000000.0,52606000000.0,49339000000.0,43516000000.0,28327000000.0,12360000000.0
COMP_0021,MRK,2024,64168000000.0,48975000000.0,20221000000.0,17117000000.0,117106000000.0,46313000000.0,37111000000.0,38782000000.0,28420000000.0,18096000000.0
COMP_0021,MRK,2023,60115000000.0,43989000000.0,2954000000.0,365000000.0,106675000000.0,37581000000.0,35055000000.0,32168000000.0,25694000000.0,9143000000.0
COMP_0021,MRK,2022,59283000000.0,41872000000.0,18282000000.0,14519000000.0,109160000000.0,45991000000.0,30691000000.0,35722000000.0,24239000000.0,14707000000.0
COMP_0022,PEP,2025,93925000000.0,50859000000.0,13491000000.0,8240000000.0,107399000000.0,20406000000.0,49901000000.0,27949000000.0,32764000000.0,7672000000.0
COMP_0022,PEP,2024,91854000000.0,50110000000.0,12920000000.0,9578000000.0,99467000000.0,18041000000.0,44948000000.0,25826000000.0,31536000000.0,7189000000.0
COMP_0022,PEP,2023,91471000000.0,49590000000.0,12913000000.0,9074000000.0,100495000000.0,18503000000.0,44661000000.0,26950000000.0,31647000000.0,7924000000.0
COMP_0022,PEP,2022,86392000000.0,45816000000.0,11357000000.0,8910000000.0,92187000000.0,17149000000.0,39554000000.0,21539000000.0,26785000000.0,5604000000.0
COMP_0023,COST,2025,275235000000.0,35349000000.0,10383000000.0,8099000000.0,77099000000.0,29164000000.0,8173000000.0,38380000000.0,37108000000.0,7837000000.0
COMP_0023,COST,2024,254453000000.0,32095000000.0,9285000000.0,7367000000.0,69831000000.0,23622000000.0,8169000000.0,34246000000.0,35464000000.0,6629000000.0
COMP_0023,COST,2023,242290000000.0,29704000000.0,8114000000.0,6292000000.0,68994000000.0,25058000000.0,8884000000.0,35879000000.0,33583000000.0,6745000000.0
COMP_0023,COST,2022,226954000000.0,27572000000.0,7793000000.0,5844000000.0,64166000000.0,20642000000.0,9039000000.0,32696000000.0,31998000000.0,3501000000.0
COMP_0024,ABBV,2025,61160000000.0,42956000000.0,20091000000.0,4226000000.0,133960000000.0,-3270000000.0,67496000000.0,29062000000.0,43289000000.0,17816000000.0
COMP_0024,ABBV,2024,56334000000.0,39430000000.0,11894000000.0,4278000000.0,135161000000.0,3325000000.0,67144000000.0,25582000000.0,38749000000.0,17832000000.0
COMP_0024,ABBV,2023,54318000000.0,33903000000.0,13535000000.0,4863000000.0,134711000000.0,10360000000.0,59385000000.0,33002000000.0,37841000000.0,22062000000.0
COMP_0024,ABBV,2022,58054000000.0,40640000000.0,18814000000.0,11836000000.0,138805000000.0,17254000000.0,63271000000.0,28463000000.0,29538000000.0,24248000000.0
COMP_0025,WMT,2026,713163000000.0,177768000000.0,29825000000.0,21893000000.0,284668000000.0,99617000000.0,67095000000.0,84874000000.0,107469000000.0,14923000000.0
COMP_0025,WMT,2025,680985000000.0,169232000000.0,29348000000.0,19436000000.0,260823000000.0,91013000000.0,60114000000.0,79458000000.0,96584000000.0,12660000000.0
COMP_0025,WMT,2024,648125000000.0,157983000000.0,27012000000.0,15511000000.0,252399000000.0,83861000000.0,61321000000.0,76877000000.0,92415000000.0,15120000000.0
COMP_0025,WMT,2023,611289000000.0,147568000000.0,20428000000.0,11680000000.0,243197000000.0,76693000000.0,58923000000.0,75655000000.0,92198000000.0,11984000000.0
COMP_0027,CSCO,2025,56654000000.0,36790000000.0,12504000000.0,10180000000.0,122291000000.0,46843000000.0,28093000000.0,34986000000.0,35064000000.0,13288000000.0
COMP_0027,CSCO,2024,53803000000.0,34828000000.0,12970000000.0,10320000000.0,124413000000.0,45457000000.0,30973000000.0,36862000000.0,40584000000.0,10210000000.0
COMP_0027,CSCO,2023,56998000000.0,35753000000.0,15562000000.0,12613000000.0,101852000000.0,44353000000.0,8391000000.0,43348000000.0,31309000000.0,19037000000.0
COMP_0027,CSCO,2022,51557000000.0,32248000000.0,13975000000.0,11812000000.0,94002000000.0,39773000000.0,9515000000.0,36717000000.0,25640000000.0,12749000000.0
COMP_0028,MCD,2025,26885000000.0,15434000000.0,12394000000.0,8563000000.0,59515000000.0,-1790000000.0,54814000000.0,4163000000.0,4361000000.0,7186000000.0
COMP_0028,MCD,2024,25920000000.0,14710000000.0,11851000000.0,8223000000.0,55182000000.0,-3796000000.0,51948000000.0,4599000000.0,3861000000.0,6672000000.0
COMP_0028,MCD,2023,25495000000.0,14564000000.0,11747000000.0,8469000000.0,56147000000.0,-4706000000.0,53091000000.0,7986000000.0,6859000000.0,7255000000.0
COMP_0028,MCD,2022,23182000000.0,13207000000.0,10345000000.0,6177000000.0,50435600000.0,-6003400000.0,48699000000.0,5424200000.0,3802100000.0,5488000000.0
COMP_0029,ACN,2025,69672977000.0,22235401000.0,10840988000.0,7678433000.0,65394897000.0,31195446000.0,8182866000.0,28900689000.0,20352097000.0,10874360000.0
COMP_0029,ACN,2024,64896464000.0,21162317000.0,10034287000.0,7264787000.0,55932363000.0,28288646000.0,4120549000.0,20857781000.0,18976127000.0,8614518000.0
COMP_0029,ACN,2023,64111745000.0,20731607000.0,9873035000.0,6871557000.0,51245305000.0,25692839000.0,3149034000.0,23381931000.0,18009038000.0,8996096000.0
COMP_0029,ACN,2022,61594305000.0,19701539000.0,9367181000.0,6877169000.0,47263390000.0,22106097000.0,3325756000.0,21610871000.0,17523496000.0,8823131000.0
COMP_0030,TMO,2025,44557000000.0,18239000000.0,8110000000.0,6704000000.0,110343000000.0,53407000000.0,39385000000.0,28707000000.0,15189000000.0,6293000000.0
COMP_0030,TMO,2024,42879000000.0,17702000000.0,7717000000.0,6335000000.0,97321000000.0,49585000000.0,31275000000.0,22137000000.0,13332000000.0,7267000000.0
COMP_0030,TMO,2023,42857000000.0,17100000000.0,7318000000.0,5995000000.0,98726000000.0,46735000000.0,34917000000.0,24589000000.0,14012000000.0,6927000000.0
COMP_0030,TMO,2022,44915000000.0,18971000000.0,8507000000.0,6950000000.0,97154000000.0,43978000000.0,34488000000.0,25229000000.0,17010000000.0,6911000000.0
COMP_0031,ABT,2025,44328000000.0,25009000000.0,8053000000.0,6524000000.0,86713000000.0,52130000000.0,13860000000.0,25996000000.0,16496000000.0,7395000000.0
COMP_0031,ABT,2024,41950000000.0,23244000000.0,6825000000.0,13402000000.0,81414000000.0,47664000000.0,15021000000.0,23656000000.0,14157000000.0,6351000000.0
COMP_0031,ABT,2023,40109000000.0,22134000000.0,6478000000.0,5723000000.0,73214000000.0,38603000000.0,15628000000.0,22670000000.0,13841000000.0,5059000000.0
COMP_0031,ABT,2022,43653000000.0,24511000000.0,8362000000.0,6933000000.0,74438000000.0,36686000000.0,17716000000.0,25224000000.0,15489000000.0,7804000000.0
COMP_0032,DHR,2025,24568000000.0,14523000000.0,4690000000.0,3614000000.0,83464000000.0,52534000000.0,19696000000.0,12756000000.0,6807000000.0,5260000000.0
COMP_0032,DHR,2024,23875000000.0,14206000000.0,4863000000.0,3899000000.0,77542000000.0,49543000000.0,17146000000.0,9497000000.0,6798000000.0,5296000000.0
COMP_0032,DHR,2023,23890000000.0,14034000000.0,5202000000.0,4764000000.0,84488000000.0,53486000000.0,19536000000.0,13937000000.0,8274000000.0,5781000000.0
COMP_0032,DHR,2022,26643000000.0,16188000000.0,7536000000.0,7209000000.0,84350000000.0,50082000000.0,20616000000.0,15883000000.0,8389000000.0,7401000000.0
COMP_0033,LIN,2025,33986000000.0,16597000000.0,9254000000.0,6898000000.0,86817000000.0,38245000000.0,28069000000.0,13325000000.0,15198000000.0,5089000000.0
COMP_0033,LIN,2024,33005000000.0,15862000000.0,8595000000.0,6565000000.0,80147000000.0,38092000000.0,22609000000.0,12945000000.0,14544000000.0,4926000000.0
COMP_0033,LIN,2023,32854000000.0,15362000000.0,8105000000.0,6199000000.0,80811000000.0,39720000000.0,20315000000.0,12620000000.0,15717000000.0,5518000000.0
COMP_0033,LIN,2022,33364000000.0,13914000000.0,6460000000.0,4147000000.0,79658000000.0,40028000000.0,18791000000.0,13047000000.0,16479000000.0,5691000000.0
COMP_0034,WFC,2025,83699000000.0,,,21338000000.0,2148631000000.0,181117000000.0,193035000000.0,,,-19001000000.0
COMP_0034,WFC,2024,82296000000.0,,,19722000000.0,1929845000000.0,179120000000.0,175782000000.0,,,3035000000.0
COMP_0034,WFC,2023,82597000000.0,,,19142000000.0,1932468000000.0,185735000000.0,219471000000.0,,,40358000000.0
COMP_0034,WFC,2022,74368000000.0,,,13677000000.0,1881020000000.0,180227000000.0,195392000000.0,,,27048000000.0
COMP_0035,BAC,2025,113097000000.0,,,30509000000.0,3411738000000.0,303243000000.0,365904000000.0,,,12613000000.0
COMP_0035,BAC,2024,105856000000.0,,,26973000000.0,3261299000000.0,293963000000.0,326670000000.0,,,-8805000000.0
COMP_0035,BAC,2023,102769000000.0,,,26305000000.0,3180151000000.0,291646000000.0,334302000000.0,,,44982000000.0
COMP_0035,BAC,2022,94950000000.0,,,27528000000.0,3051375000000.0,273197000000.0,302914000000.0,,,-6327000000.0
COMP_0036,DIS,2025,94425000000.0,35659000000.0,13832000000.0,12404000000.0,197514000000.0,109869000000.0,44877000000.0,24267000000.0,34162000000.0,10077000000.0
COMP_0036,DIS,2024,91361000000.0,32663000000.0,11914000000.0,4972000000.0,196219000000.0,100696000000.0,48743000000.0,25241000000.0,34599000000.0,8559000000.0
COMP_0036,DIS,2023,88898000000.0,29697000000.0,8992000000.0,2354000000.0,205579000000.0,99277000000.0,49895000000.0,32763000000.0,31139000000.0,4897000000.0
COMP_0036,DIS,2022,82722000000.0,28321000000.0,6770000000.0,3145000000.0,203631000000.0,95008000000.0,51608000000.0,29098000000.0,29073000000.0,1067000000.0
COMP_0037,INTU,2025,18831000000.0,14983000000.0,4938000000.0,3869000000.0,36958000000.0,19710000000.0,6639000000.0,14107000000.0,10370000000.0,6083000000.0
COMP_0037,INTU,2024,16285000000.0,12820000000.0,3853000000.0,2963000000.0,32132000000.0,18436000000.0,6567000000.0,9678000000.0,7491000000.0,4634000000.0
COMP_0037,INTU,2023,14368000000.0,11225000000.0,3141000000.0,2384000000.0,27780000000.0,17269000000.0,6689000000.0,5557000000.0,3790000000.0,4786000000.0
COMP_0037,INTU,2022,12726000000.0,10320000000.0,2559000000.0,2066000000.0,27734000000.0,16441000000.0,7540000000.0,5047000000.0,3630000000.0,3660000000.0
COMP_0038,VZ,2025,138191000000.0,81426000000.0,29259000000.0,17174000000.0,404258000000.0,104460000000.0,181643000000.0,56922000000.0,62370000000.0,19676000000.0
COMP_0038,VZ,2024,134788000000.0,80691000000.0,28686000000.0,17506000000.0,384711000000.0,99237000000.0,168357000000.0,40523000000.0,64771000000.0,18922000000.0
COMP_0038,VZ,2023,133974000000.0,79087000000.0,28718000000.0,11614000000.0,380255000000.0,92430000000.0,174942000000.0,36814000000.0,53223000000.0,12912000000.0
COMP_0038,VZ,2022,136835000000.0,77702000000.0,30467000000.0,21256000000.0,379680000000.0,91144000000.0,176331000000.0,37857000000.0,50171000000.0,10401000000.0
COMP_0039,CMCSA,2025,123707000000.0,88756000000.0,20670000000.0,19998000000.0,272631000000.0,96903000000.0,98937000000.0,29567000000.0,33524000000.0,19235000000.0
COMP_0039,CMCSA,2024,123731000000.0,86705000000.0,23298000000.0,16192000000.0,266211000000.0,85560000000.0,99093000000.0,26801000000.0,39581000000.0,12543000000.0
COMP_0039,CMCSA,2023,121572000000.0,84810000000.0,23313000000.0,15388000000.0,264811000000.0,82703000000.0,97090000000.0,23987000000.0,40198000000.0,12961000000.0
COMP_0039,CMCSA,2022,121427000000.0,83214000000.0,22624000000.0,5370000000.0,257275000000.0,80943000000.0,99983000000.0,21826000000.0,27887000000.0,12646000000.0
COMP_0040,TXN,2025,17682000000.0,10083000000.0,6140000000.0,5001000000.0,34585000000.0,16273000000.0,14048000000.0,13750000000.0,3159000000.0,2603000000.0
COMP_0040,TXN,2024,15641000000.0,9094000000.0,5341000000.0,4799000000.0,35509000000.0,16903000000.0,13596000000.0,15026000000.0,3643000000.0,1498000000.0
COMP_0040,TXN,2023,17519000000.0,11019000000.0,7331000000.0,6510000000.0,32348000000.0,16897000000.0,11223000000.0,15122000000.0,3320000000.0,1349000000.0
COMP_0040,TXN,2022,20028000000.0,13771000000.0,10397000000.0,8749000000.0,27207000000.0,14577000000.0,8735000000.0,14021000000.0,2985000000.0,5923000000.0
COMP_0042,NFLX,2025,45183036000.0,21907707000.0,13326603000.0,10981201000.0,55596993000.0,26615488000.0,14462836000.0,13020191000.0,10980930000.0,9461053000.0
COMP_0042,NFLX,2024,39000966000.0,17962502000.0,10417614000.0,8711631000.0,53630374000.0,24743567000.0,15582804000.0,13100379000.0,10755400000.0,6921826000.0
COMP_0042,NFLX,2023,33723297000.0,14007929000.0,6954003000.0,5407990000.0,48731992000.0,20588313000.0,14543261000.0,9918133000.0,8860655000.0,6925749000.0
COMP_0042,NFLX,2022,31615550000.0,12447265000.0,5632831000.0,4491924000.0,48594768000.0,20777401000.0,14353076000.0,9266473000.0,7930974000.0,1618528000.0
COMP_0043,NEE,2025,27412000000.0,17069000000.0,8020000000.0,6835000000.0,212721000000.0,54608000000.0,95619000000.0,13584000000.0,22817000000.0,3211000000.0
COMP_0043,NEE,2024,24753000000.0,14867000000.0,7127000000.0,6946000000.0,190144000000.0,50101000000.0,82333000000.0,11951000000.0,25355000000.0,4746000000.0
COMP_0043,NEE,2023,28114000000.0,17976000000.0,9832000000.0,7310000000.0,177489000000.0,47468000000.0,73211000000.0,15361000000.0,27963000000.0,1753000000.0
COMP_0043,NEE,2022,20956000000.0,10139000000.0,3559000000.0,4147000000.0,158935000000.0,39229000000.0,64966000000.0,13490000000.0,26695000000.0,-1480000000.0
COMP_0044,PM,2025,40648000000.0,27282000000.0,14933000000.0,11348000000.0,69185000000.0,-9994000000.0,48835000000.0,24363000000.0,25427000000.0,10664000000.0
COMP_0044,PM,2024,37878000000.0,24549000000.0,13402000000.0,7057000000.0,61784000000.0,-11750000000.0,45695000000.0,20170000000.0,22915000000.0,10773000000.0
COMP_0044,PM,2023,35174000000.0,22281000000.0,12221000000.0,7813000000.0,65304000000.0,-11225000000.0,47909000000.0,19755000000.0,26383000000.0,7883000000.0
COMP_0044,PM,2022,31762000000.0,20360000000.0,12246000000.0,9048000000.0,61681000000.0,-8957000000.0,43123000000.0,19619000000.0,27336000000.0,9726000000.0
COMP_0046,RTX,2025,88603000000.0,17789000000.0,9300000000.0,6732000000.0,171079000000.0,65245000000.0,39506000000.0,60332000000.0,58784000000.0,7448000000.0
COMP_0046,RTX,2024,80738000000.0,15410000000.0,6538000000.0,4774000000.0,162861000000.0,60156000000.0,42893000000.0,51133000000.0,51499000000.0,3923000000.0
COMP_0046,RTX,2023,68920000000.0,12089000000.0,3561000000.0,3195000000.0,161869000000.0,59798000000.0,45239000000.0,48417000000.0,46761000000.0,4717000000.0
COMP_0046,RTX,2022,67074000000.0,13668000000.0,5504000000.0,5197000000.0,158864000000.0,72632000000.0,33500000000.0,42443000000.0,39114000000.0,4393000000.0
COMP_0047,HON,2025,37442000000.0,13829000000.0,6567000000.0,4729000000.0,73681000000.0,13904000000.0,35563000000.0,30387000000.0,23414000000.0,5422000000.0
COMP_0047,HON,2024,34717000000.0,13357000000.0,6668000000.0,5705000000.0,75196000000.0,18619000000.0,32077000000.0,27908000000.0,21256000000.0,5226000000.0
COMP_0047,HON,2023,33009000000.0,12372000000.0,6110000000.0,5658000000.0,61525000000.0,15856000000.0,21536000000.0,23502000000.0,18539000000.0,4599000000.0
COMP_0047,HON,2022,35466000000.0,13119000000.0,6427000000.0,4966000000.0,62275000000.0,16697000000.0,20537000000.0,24982000000.0,19938000000.0,4508000000.0
COMP_0048,AMGN,2025,36751000000.0,24714000000.0,9080000000.0,7711000000.0,90586000000.0,8658000000.0,54604000000.0,29057000000.0,25489000000.0,8100000000.0
COMP_0048,AMGN,2024,33424000000.0,20566000000.0,7258000000.0,4090000000.0,91839000000.0,5877000000.0,60099000000.0,29030000000.0,23099000000.0,10394000000.0
COMP_0048,AMGN,2023,28190000000.0,19739000000.0,7897000000.0,6717000000.0,97154000000.0,6232000000.0,64613000000.0,30332000000.0,18392000000.0,7359000000.0
COMP_0048,AMGN,2022,26323000000.0,19917000000.0,9566000000.0,6552000000.0,65121000000.0,3661000000.0,38945000000.0,22186000000.0,15687000000.0,8785000000.0
COMP_0049,LOW,2026,86286000000.0,28885000000.0,10153000000.0,6654000000.0,54144000000.0,-9917000000.0,44677000000.0,20955000000.0,19463000000.0,7651000000.0
COMP_0049,LOW,2025,83674000000.0,27877000000.0,10466000000.0,6957000000.0,43102000000.0,-14231000000.0,39678000000.0,20358000000.0,18757000000.0,7698000000.0
COMP_0049,LOW,2024,86377000000.0,28844000000.0,11557000000.0,7726000000.0,41795000000.0,-15050000000.0,40145000000.0,19071000000.0,15568000000.0,6176000000.0
COMP_0049,LOW,2023,97059000000.0,32257000000.0,10159000000.0,6437000000.0,43708000000.0,-14254000000.0,37994000000.0,21442000000.0,19511000000.0,6760000000.0
COMP_0050,UPS,2025,88661000000.0,16030000000.0,7867000000.0,5572000000.0,73090000000.0,16227000000.0,28590000000.0,19045000000.0,15620000000.0,4765000000.0
COMP_0050,UPS,2024,91070000000.0,16356000000.0,8468000000.0,5782000000.0,70070000000.0,16718000000.0,25652000000.0,19310000000.0,16441000000.0,6213000000.0
COMP_0050,UPS,2023,90958000000.0,17238000000.0,9141000000.0,6708000000.0,70857000000.0,17306000000.0,26729000000.0,19413000000.0,17676000000.0,5080000000.0
COMP_0050,UPS,2022,100338000000.0,21014000000.0,13094000000.0,11548000000.0,71124000000.0,19786000000.0,23521000000.0,22217000000.0,18140000000.0,9335000000.0
COMP_0051,ORCL,2026,67357000000.0,44336000000.0,22444000000.0,17087000000.0,261759000000.0,42508000000.0,156189000000.0,46567000000.0,41764000000.0,-23686000000.0
COMP_0051,ORCL,2025,57399000000.0,40472000000.0,18052000000.0,12443000000.0,168361000000.0,20451000000.0,104104000000.0,24579000000.0,32643000000.0,-394000000.0
COMP_0051,ORCL,2024,52961000000.0,37818000000.0,16071000000.0,10467000000.0,140976000000.0,8704000000.0,93124000000.0,22554000000.0,31544000000.0,11807000000.0
COMP_0051,ORCL,2023,49954000000.0,36390000000.0,13773000000.0,8503000000.0,134384000000.0,1073000000.0,90481000000.0,21004000000.0,23090000000.0,8470000000.0
COMP_0052,IBM,2025,67536000000.0,39297000000.0,12492000000.0,10593000000.0,151880000000.0,32648000000.0,64607000000.0,36944000000.0,38658000000.0,11455000000.0
COMP_0052,IBM,2024,62753000000.0,35551000000.0,10074000000.0,6023000000.0,137175000000.0,27307000000.0,58396000000.0,34482000000.0,33142000000.0,11760000000.0
COMP_0052,IBM,2023,61860000000.0,34300000000.0,9382000000.0,7502000000.0,135241000000.0,22533000000.0,59935000000.0,32908000000.0,34122000000.0,12121000000.0
COMP_0052,IBM,2022,60530000000.0,32687000000.0,8174000000.0,1640000000.0,127243000000.0,21944000000.0,54013000000.0,29118000000.0,31505000000.0,8463000000.0
COMP_0053,CAT,2025,67589000000.0,21478000000.0,11151000000.0,8884000000.0,98585000000.0,21318000000.0,43330000000.0,52485000000.0,36558000000.0,7453000000.0
COMP_0053,CAT,2024,64809000000.0,23324000000.0,13072000000.0,10792000000.0,87764000000.0,19491000000.0,38409000000.0,45682000000.0,32272000000.0,8820000000.0
COMP_0053,CAT,2023,67060000000.0,23263000000.0,12966000000.0,10335000000.0,87476000000.0,19494000000.0,37878000000.0,46949000000.0,34728000000.0,9793000000.0
COMP_0053,CAT,2022,59427000000.0,17512000000.0,8829000000.0,6705000000.0,81943000000.0,15869000000.0,36993000000.0,43785000000.0,31531000000.0,5167000000.0
COMP_0054,GS,2025,58283000000.0,,,17176000000.0,1809320000000.0,124972000000.0,386150000000.0,,,-47218000000.0
COMP_0054,GS,2024,53512000000.0,,,14276000000.0,1675972000000.0,121996000000.0,342555000000.0,,,-15303000000.0
COMP_0054,GS,2023,46254000000.0,,,8516000000.0,1641594000000.0,116905000000.0,333248000000.0,,,-14903000000.0
COMP_0054,GS,2022,47365000000.0,,,11261000000.0,1441799000000.0,117189000000.0,324199000000.0,,,4960000000.0
COMP_0055,BA,2025,89463000000.0,4289000000.0,-5416000000.0,2235000000.0,168235000000.0,5454000000.0,54433000000.0,128459000000.0,108115000000.0,-1886000000.0
COMP_0055,BA,2024,66517000000.0,-1991000000.0,-10824000000.0,-11817000000.0,156363000000.0,-3908000000.0,54188000000.0,127998000000.0,97078000000.0,-14398000000.0
COMP_0055,BA,2023,77794000000.0,7724000000.0,-821000000.0,-2222000000.0,137012000000.0,-17233000000.0,52603000000.0,109275000000.0,95827000000.0,4433000000.0
COMP_0055,BA,2022,66608000000.0,3530000000.0,-3509000000.0,-4935000000.0,137100000000.0,-15883000000.0,57277000000.0,109523000000.0,90052000000.0,2290000000.0
COMP_0056,SPGI,2025,15336000000.0,10773000000.0,6177000000.0,4471000000.0,61200000000.0,31127000000.0,13582000000.0,6296000000.0,7637000000.0,5456000000.0
COMP_0056,SPGI,2024,14208000000.0,9847000000.0,5478000000.0,3852000000.0,60221000000.0,33159000000.0,11933000000.0,5459000000.0,6392000000.0,5565000000.0
COMP_0056,SPGI,2023,12497000000.0,8356000000.0,4054000000.0,2626000000.0,60589000000.0,34200000000.0,12000000000.0,5143000000.0,6125000000.0,3567000000.0
COMP_0056,SPGI,2022,11181000000.0,7428000000.0,3019000000.0,3248000000.0,61784000000.0,36388000000.0,11533000000.0,5667000000.0,5999000000.0,2514000000.0
COMP_0057,DE,2025,44665000000.0,16295000000.0,8416000000.0,5027000000.0,105996000000.0,25950000000.0,64250000000.0,74902000000.0,32455000000.0,3231000000.0
COMP_0057,DE,2024,50518000000.0,19495000000.0,11427000000.0,7100000000.0,107320000000.0,22836000000.0,65463000000.0,77667000000.0,35960000000.0,4429000000.0
COMP_0057,DE,2023,60248000000.0,22306000000.0,14591000000.0,10166000000.0,104087000000.0,21785000000.0,63692000000.0,76369000000.0,37782000000.0,4121000000.0
COMP_0057,DE,2022,51282000000.0,15730000000.0,9026000000.0,7131000000.0,90030000000.0,20262000000.0,52201000000.0,64088000000.0,30477000000.0,911000000.0
COMP_0061,AMD,2025,34639000000.0,17152000000.0,3694000000.0,4335000000.0,76926000000.0,62999000000.0,3847000000.0,26947000000.0,9455000000.0,6735000000.0
COMP_0061,AMD,2024,25785000000.0,12725000000.0,2086000000.0,1641000000.0,69226000000.0,57568000000.0,2212000000.0,19049000000.0,7281000000.0,2405000000.0
COMP_0061,AMD,2023,22680000000.0,10460000000.0,401000000.0,854000000.0,67885000000.0,55892000000.0,3003000000.0,16768000000.0,6689000000.0,1121000000.0
COMP_0061,AMD,2022,23601000000.0,10603000000.0,1264000000.0,1320000000.0,67580000000.0,54750000000.0,2863000000.0,15019000000.0,6369000000.0,3115000000.0
COMP_0062,BLK,2025,24216000000.0,11310000000.0,7909000000.0,5553000000.0,169998000000.0,55888000000.0,14996000000.0,27424000000.0,1740000000.0,3552000000.0
COMP_0062,BLK,2024,20407000000.0,10086000000.0,7538000000.0,6369000000.0,138615000000.0,47495000000.0,14222000000.0,25114000000.0,1536000000.0,4701000000.0
COMP_0062,BLK,2023,17859000000.0,8582000000.0,6339000000.0,5502000000.0,123211000000.0,39347000000.0,9702000000.0,19378000000.0,1240000000.0,3821000000.0
COMP_0062,BLK,2022,17873000000.0,8684000000.0,6476000000.0,5178000000.0,117628000000.0,37744000000.0,8489000000.0,18221000000.0,1294000000.0,4423000000.0
COMP_0063,SYK,2025,25116000000.0,16065000000.0,5059000000.0,3246000000.0,47844000000.0,22420000000.0,15859000000.0,14755000000.0,7794000000.0,4283000000.0
COMP_0063,SYK,2024,22595000000.0,14440000000.0,4666000000.0,2993000000.0,42971000000.0,20634000000.0,13597000000.0,14847000000.0,7616000000.0,3487000000.0
COMP_0063,SYK,2023,20498000000.0,13058000000.0,3924000000.0,3165000000.0,39912000000.0,18593000000.0,12995000000.0,12518000000.0,7921000000.0,3136000000.0
COMP_0063,SYK,2022,18449000000.0,11578000000.0,3111000000.0,2358000000.0,36884000000.0,16616000000.0,13048000000.0,10275000000.0,6303000000.0,2036000000.0
COMP_0064,ADBE,2025,23769000000.0,21218000000.0,8706000000.0,7130000000.0,29496000000.0,11623000000.0,6648000000.0,10163000000.0,10200000000.0,9852000000.0
COMP_0064,ADBE,2024,21505000000.0,19147000000.0,7741000000.0,5560000000.0,30230000000.0,14105000000.0,6056000000.0,11232000000.0,10521000000.0,7873000000.0
COMP_0064,ADBE,2023,19409000000.0,17055000000.0,6650000000.0,5428000000.0,29779000000.0,16518000000.0,4080000000.0,11084000000.0,8251000000.0,6942000000.0
COMP_0064,ADBE,2022,17606000000.0,15441000000.0,6098000000.0,4756000000.0,27165000000.0,14051000000.0,4633000000.0,8996000000.0,8128000000.0,7396000000.0
COMP_0065,GILD,2025,29442000000.0,23208000000.0,11701000000.0,8510000000.0,59023000000.0,22702000000.0,24936000000.0,18342000000.0,11813000000.0,9456000000.0
COMP_0065,GILD,2024,28754000000.0,22503000000.0,10596000000.0,480000000.0,58995000000.0,19330000000.0,26711000000.0,19173000000.0,12004000000.0,10305000000.0
COMP_0065,GILD,2023,27116000000.0,20618000000.0,8838000000.0,5665000000.0,62125000000.0,22833000000.0,24987000000.0,16085000000.0,11280000000.0,7421000000.0
COMP_0065,GILD,2022,27281000000.0,21624000000.0,10974000000.0,4592000000.0,63171000000.0,21240000000.0,25230000000.0,14443000000.0,11238000000.0,8344000000.0
COMP_0067,ADP,2025,20560900000.0,9463600000.0,5411900000.0,4079700000.0,53369300000.0,6188000000.0,9065400000.0,43252200000.0,41278300000.0,4392700000.0
COMP_0067,ADP,2024,19202600000.0,8725900000.0,4947000000.0,3752000000.0,54362700000.0,4547600000.0,3319900000.0,45542500000.0,45080000000.0,3594200000.0
COMP_0067,ADP,2023,18012200000.0,8058800000.0,4507400000.0,3412000000.0,50971000000.0,3509100000.0,3338900000.0,42170600000.0,42767600000.0,3636000000.0
COMP_0067,ADP,2022,16498300000.0,7036400000.0,3803200000.0,2948900000.0,63068200000.0,3225300000.0,3358000000.0,54804900000.0,55158700000.0,2546100000.0
COMP_0068,TGT,2026,104780000000.0,29269000000.0,5117000000.0,3705000000.0,59490000000.0,16165000000.0,20290000000.0,20005000000.0,21230000000.0,2835000000.0
COMP_0068,TGT,2025,106566000000.0,30064000000.0,5566000000.0,4091000000.0,57769000000.0,14666000000.0,19875000000.0,19454000000.0,20799000000.0,4476000000.0
COMP_0068,TGT,2024,107412000000.0,29584000000.0,5707000000.0,4138000000.0,55356000000.0,13432000000.0,19646000000.0,17498000000.0,19304000000.0,3815000000.0
COMP_0068,TGT,2023,109120000000.0,26814000000.0,3848000000.0,2780000000.0,53335000000.0,11232000000.0,19073000000.0,17846000000.0,19500000000.0,-1510000000.0
COMP_0069,ISRG,2025,10064700000.0,6642300000.0,2945500000.0,,20458700000.0,17824000000.0,,9779500000.0,2006200000.0,2490700000.0
COMP_0069,ISRG,2024,8352100000.0,5634200000.0,2348900000.0,,18743200000.0,16433700000.0,,7111000000.0,1745300000.0,1303800000.0
COMP_0069,ISRG,2023,7124100000.0,4729500000.0,1766800000.0,,15441500000.0,13307600000.0,,7888000000.0,1658700000.0,749600000.0
COMP_0069,ISRG,2022,6222200000.0,4196000000.0,1577100000.0,,12974000000.0,11041900000.0,,6253000000.0,1422100000.0,958400000.0
COMP_0070,BKNG,2025,26917000000.0,,9282000000.0,5404000000.0,29264000000.0,-5578000000.0,19293000000.0,22264000000.0,16698000000.0,9087000000.0
COMP_0070,BKNG,2024,23739000000.0,,7555000000.0,5882000000.0,27708000000.0,-4020000000.0,17081000000.0,20491000000.0,15647000000.0,7894000000.0
COMP_0070,BKNG,2023,21365000000.0,,5835000000.0,4289000000.0,24342000000.0,-2744000000.0,14783000000.0,17034000000.0,13330000000.0,6999000000.0
COMP_0070,BKNG,2022,17090000000.0,,5102000000.0,3058000000.0,25361000000.0,2782000000.0,13037000000.0,15798000000.0,8474000000.0,6186000000.0
COMP_0072,CI,2025,273854000000.0,24514000000.0,8154000000.0,5957000000.0,157919000000.0,41713000000.0,31463000000.0,47814000000.0,56342000000.0,8389000000.0
COMP_0072,CI,2024,246148000000.0,24991000000.0,8444000000.0,3434000000.0,155881000000.0,41033000000.0,31972000000.0,48870000000.0,57979000000.0,8957000000.0
COMP_0072,CI,2023,194099000000.0,24011000000.0,7370000000.0,5164000000.0,152761000000.0,46223000000.0,30930000000.0,37351000000.0,48716000000.0,10240000000.0
COMP_0072,CI,2022,179363000000.0,22345000000.0,7295000000.0,6704000000.0,143885000000.0,44675000000.0,31093000000.0,30122000000.0,41225000000.0,7361000000.0
COMP_0074,REGN,2025,14342900000.0,12242200000.0,3702000000.0,4504900000.0,40558700000.0,31256900000.0,2705900000.0,18021900000.0,4368400000.0,3765200000.0
COMP_0074,REGN,2024,14202000000.0,12231500000.0,3990700000.0,4412600000.0,37759400000.0,29353600000.0,2704400000.0,18660900000.0,3944300000.0,3538900000.0
COMP_0074,REGN,2023,13117200000.0,11301400000.0,4047100000.0,3953600000.0,33080200000.0,25973100000.0,2702900000.0,19479200000.0,3423400000.0,3667600000.0
COMP_0074,REGN,2022,12172900000.0,10612500000.0,4738900000.0,4338400000.0,29214500000.0,22664000000.0,2701400000.0,15884100000.0,3141300000.0,3398000000.0
COMP_0075,LMT,2025,75048000000.0,7619000000.0,7731000000.0,5017000000.0,59840000000.0,6721000000.0,21700000000.0,25362000000.0,23335000000.0,6908000000.0
COMP_0075,LMT,2024,71043000000.0,6930000000.0,7013000000.0,5336000000.0,55617000000.0,6333000000.0,20270000000.0,21849000000.0,19420000000.0,5287000000.0
COMP_0075,LMT,2023,67571000000.0,8479000000.0,8507000000.0,6920000000.0,52456000000.0,6835000000.0,17459000000.0,20521000000.0,16937000000.0,6229000000.0
COMP_0075,LMT,2022,65984000000.0,8287000000.0,8348000000.0,5732000000.0,52880000000.0,9266000000.0,15547000000.0,20991000000.0,15887000000.0,6132000000.0
COMP_0076,MO,2025,20139000000.0,14542000000.0,12035000000.0,6947000000.0,35017000000.0,-3502000000.0,25709000000.0,5932000000.0,9154000000.0,9074000000.0
COMP_0076,MO,2024,20444000000.0,14367000000.0,11630000000.0,11264000000.0,35177000000.0,-2238000000.0,24926000000.0,4513000000.0,8781000000.0,8611000000.0
COMP_0076,MO,2023,20502000000.0,14284000000.0,11547000000.0,8130000000.0,38570000000.0,-3540000000.0,26233000000.0,5585000000.0,11319000000.0,9091000000.0
COMP_0076,MO,2022,20688000000.0,14246000000.0,11919000000.0,5764000000.0,36954000000.0,-3973000000.0,26680000000.0,7220000000.0,8616000000.0,8051000000.0
COMP_0077,SO,2025,29553000000.0,14324000000.0,7285000000.0,4341000000.0,155720000000.0,36016000000.0,74075000000.0,10917000000.0,16888000000.0,-2935000000.0
COMP_0077,SO,2024,26724000000.0,13363000000.0,7068000000.0,4401000000.0,145180000000.0,33208000000.0,66277000000.0,10694000000.0,15993000000.0,833000000.0
COMP_0077,SO,2023,25253000000.0,11776000000.0,5826000000.0,3976000000.0,139331000000.0,31444000000.0,63490000000.0,10432000000.0,13467000000.0,-1542000000.0
COMP_0077,SO,2022,29279000000.0,10627000000.0,5370000000.0,3535000000.0,134891000000.0,30408000000.0,59135000000.0,10416000000.0,15724000000.0,-1621000000.0
COMP_0078,ZTS,2025,9467000000.0,6801000000.0,3597000000.0,2673000000.0,15467000000.0,3331000000.0,9238000000.0,6768000000.0,2235000000.0,2283000000.0
COMP_0078,ZTS,2024,9256000000.0,6537000000.0,3392000000.0,2486000000.0,14237000000.0,4770000000.0,6744000000.0,5986000000.0,3412000000.0,2298000000.0
COMP_0078,ZTS,2023,8544000000.0,5983000000.0,3069000000.0,2344000000.0,14286000000.0,4997000000.0,6755000000.0,6343000000.0,1889000000.0,1621000000.0
COMP_0078,ZTS,2022,8080000000.0,5626000000.0,2928000000.0,2114000000.0,14925000000.0,4405000000.0,8090000000.0,7506000000.0,3167000000.0,1326000000.0
COMP_0079,CB,2025,59783000000.0,,,10310000000.0,272327000000.0,73757000000.0,17227000000.0,,,12816000000.0
COMP_0079,CB,2024,56010000000.0,,,9272000000.0,246548000000.0,64021000000.0,15179000000.0,,,16182000000.0
COMP_0079,CB,2023,49826000000.0,,,9028000000.0,230682000000.0,59507000000.0,14495000000.0,,,12632000000.0
COMP_0079,CB,2022,43055000000.0,,,5246000000.0,199017000000.0,50519000000.0,14877000000.0,,,11258000000.0
COMP_0080,PGR,2025,87637000000.0,,,11308000000.0,123039000000.0,30323000000.0,6897000000.0,,,17200000000.0
COMP_0080,PGR,2024,75343000000.0,,,8480000000.0,105745000000.0,25591000000.0,6893000000.0,,,14834000000.0
COMP_0080,PGR,2023,62083000000.0,,,3903000000.0,88691000000.0,20277000000.0,6889000000.0,,,10391000000.0
COMP_0080,PGR,2022,49587000000.0,,,722000000.0,75465000000.0,15891000000.0,6388300000.0,,,6557000000.0
COMP_0081,CL,2025,20382000000.0,12251000000.0,4233000000.0,2132000000.0,16330000000.0,54000000.0,8554000000.0,5709000000.0,6853000000.0,3634000000.0
COMP_0081,CL,2024,20101000000.0,12161000000.0,4330000000.0,2889000000.0,16046000000.0,212000000.0,8512000000.0,5317000000.0,5759000000.0,3546000000.0
COMP_0081,CL,2023,19457000000.0,11326000000.0,4085000000.0,2300000000.0,16393000000.0,609000000.0,9064000000.0,5279000000.0,4741000000.0,3040000000.0
COMP_0081,CL,2022,17967000000.0,10248000000.0,3617000000.0,1785000000.0,15731000000.0,401000000.0,9271000000.0,5113000000.0,4004000000.0,1860000000.0
COMP_0082,SCHW,2025,23921000000.0,,,8852000000.0,490995000000.0,49425000000.0,30951000000.0,,,8763000000.0
COMP_0082,SCHW,2024,19606000000.0,,,5942000000.0,479843000000.0,48375000000.0,45134000000.0,,,2050000000.0
COMP_0082,SCHW,2023,18837000000.0,,,5067000000.0,493178000000.0,40958000000.0,59081000000.0,,,18887000000.0
COMP_0082,SCHW,2022,20762000000.0,,,7183000000.0,551772000000.0,36608000000.0,37878000000.0,,,1086000000.0
COMP_0083,USB,2025,28540000000.0,,,7570000000.0,692345000000.0,65193000000.0,68413000000.0,,,7970000000.0
COMP_0083,USB,2024,27335000000.0,,,6299000000.0,678318000000.0,58578000000.0,65626000000.0,,,11350000000.0
COMP_0083,USB,2023,28013000000.0,,,5429000000.0,663491000000.0,55306000000.0,62935000000.0,,,8393000000.0
COMP_0083,USB,2022,24184000000.0,,,5825000000.0,674805000000.0,50766000000.0,69388000000.0,,,21119000000.0
COMP_0084,EQIX,2025,9217000000.0,4709000000.0,1966000000.0,1350000000.0,40141000000.0,14156000000.0,22726000000.0,5125000000.0,3893000000.0,-400000000.0
COMP_0084,EQIX,2024,8748000000.0,4281000000.0,1624000000.0,815000000.0,35085000000.0,13528000000.0,18961000000.0,5447000000.0,3349000000.0,183000000.0
COMP_0084,EQIX,2023,8188000000.0,3960000000.0,1451000000.0,969000000.0,32651000000.0,12489000000.0,17454000000.0,3568000000.0,3162000000.0,436000000.0
COMP_0084,EQIX,2022,7263000000.0,3512000000.0,1226000000.0,705000000.0,30310742000.0,11505966000.0,16469554000.0,3305255000.0,1838298000.0,685000000.0
COMP_0085,ITW,2025,16044000000.0,7075000000.0,4216000000.0,3066000000.0,16148000000.0,3225000000.0,9211000000.0,6200000000.0,5126000000.0,2707000000.0
COMP_0085,ITW,2024,15898000000.0,7040000000.0,4264000000.0,3488000000.0,15067000000.0,3316000000.0,8078000000.0,5856000000.0,4308000000.0,2844000000.0
COMP_0085,ITW,2023,16107000000.0,6791000000.0,4040000000.0,2957000000.0,15518000000.0,3012000000.0,8370000000.0,6235000000.0,4675000000.0,3084000000.0
COMP_0085,ITW,2022,15932000000.0,6503000000.0,3790000000.0,3034000000.0,15422000000.0,3088000000.0,7949000000.0,6270000000.0,4460000000.0,1936000000.0
COMP_0086,NSC,2025,12180000000.0,4427000000.0,4571000000.0,2873000000.0,45236000000.0,15547000000.0,17305000000.0,3198000000.0,3775000000.0,2157000000.0
COMP_0086,NSC,2024,12123000000.0,4543000000.0,4877000000.0,2622000000.0,43682000000.0,14306000000.0,17478000000.0,3188000000.0,3545000000.0,1671000000.0
COMP_0086,NSC,2023,12156000000.0,4435000000.0,4326000000.0,1827000000.0,41652000000.0,12781000000.0,17571000000.0,3271000000.0,2632000000.0,852000000.0
COMP_0086,NSC,2022,12745000000.0,5239000000.0,5205000000.0,3270000000.0,38885000000.0,12733000000.0,15592000000.0,2007000000.0,2649000000.0,2274000000.0
COMP_0087,DUK,2025,32237000000.0,16498000000.0,8577000000.0,4968000000.0,195736000000.0,51842000000.0,90869000000.0,11613000000.0,21047000000.0,-1694000000.0
COMP_0087,DUK,2024,30357000000.0,15197000000.0,7938000000.0,4524000000.0,186343000000.0,50127000000.0,85230000000.0,12950000000.0,19357000000.0,48000000.0
COMP_0087,DUK,2023,29060000000.0,13756000000.0,7103000000.0,2841000000.0,176893000000.0,49111000000.0,80457000000.0,12769000000.0,17283000000.0,-2726000000.0
COMP_0087,DUK,2022,28768000000.0,12976000000.0,6424000000.0,2550000000.0,178086000000.0,49322000000.0,74579000000.0,13222000000.0,18873000000.0,-5440000000.0
COMP_0088,AON,2025,17181000000.0,8196000000.0,4709000000.0,3695000000.0,50784000000.0,9352000000.0,16071000000.0,25774000000.0,23226000000.0,3218000000.0
COMP_0088,AON,2024,15698000000.0,7415000000.0,4224000000.0,2654000000.0,48965000000.0,6121000000.0,17892000000.0,23432000000.0,22995000000.0,2817000000.0
COMP_0088,AON,2023,13376000000.0,6474000000.0,3920000000.0,2564000000.0,33959000000.0,-826000000.0,12032000000.0,21704000000.0,21651000000.0,3183000000.0
COMP_0088,AON,2022,12479000000.0,6002000000.0,3669000000.0,2589000000.0,32704000000.0,-529000000.0,11677000000.0,20723000000.0,20306000000.0,3023000000.0
COMP_0089,GE,2025,45855000000.0,14438000000.0,8680000000.0,8704000000.0,130169000000.0,18677000000.0,20495000000.0,40595000000.0,38981000000.0,7264000000.0
COMP_0089,GE,2024,38702000000.0,11965000000.0,6761000000.0,6556000000.0,123140000000.0,19342000000.0,19273000000.0,37635000000.0,34392000000.0,3678000000.0
COMP_0089,GE,2023,35348000000.0,9523000000.0,4717000000.0,9482000000.0,173300000000.0,27403000000.0,20525000000.0,42556000000.0,32102000000.0,4327000000.0
COMP_0089,GE,2022,29139000000.0,7560000000.0,3596000000.0,336000000.0,188851000000.0,33696000000.0,26148000000.0,58382000000.0,49428000000.0,5255000000.0
COMP_0091,ASML.AS,2025,32667300000.0,17258000000.0,11301400000.0,9609400000.0,50566600000.0,19612200000.0,4390900000.0,30616100000.0,24263900000.0,11027300000.0
COMP_0091,ASML.AS,2024,28262900000.0,14492000000.0,9022600000.0,7571600000.0,48589600000.0,18476800000.0,4687600000.0,30737400000.0,20051400000.0,9083100000.0
COMP_0091,ASML.AS,2023,27558500000.0,14136100000.0,9042300000.0,7839000000.0,39957500000.0,13452400000.0,4631600000.0,24393900000.0,16274700000.0,3247200000.0
COMP_0091,ASML.AS,2022,21173400000.0,10700100000.0,6500700000.0,5624200000.0,36300400000.0,8810800000.0,4260400000.0,23064900000.0,17983600000.0,7167500000.0
COMP_0092,SAP.DE,2025,36800000000.0,26814000000.0,9620000000.0,7161000000.0,70362000000.0,44586000000.0,7476000000.0,20256000000.0,17416000000.0,8417000000.0
COMP_0092,SAP.DE,2024,34176000000.0,24932000000.0,7808000000.0,3124000000.0,74237000000.0,45438000000.0,10651000000.0,21401000000.0,19082000000.0,4410000000.0
COMP_0092,SAP.DE,2023,31207000000.0,22534000000.0,6014000000.0,6139000000.0,68331000000.0,43157000000.0,8791000000.0,20571000000.0,14641000000.0,5461000000.0
COMP_0092,SAP.DE,2022,29519000000.0,21482000000.0,6051000000.0,2284000000.0,72159000000.0,40186000000.0,13085000000.0,18522000000.0,17453000000.0,4770000000.0
COMP_0093,NESN.SW,2025,89885000000.0,41191000000.0,13981000000.0,9033000000.0,127151000000.0,32810000000.0,57852000000.0,31969000000.0,40694000000.0,10993000000.0
COMP_0093,NESN.SW,2024,91720000000.0,43050000000.0,15613000000.0,10884000000.0,139264000000.0,35917000000.0,63560000000.0,35188000000.0,42863000000.0,10712000000.0
COMP_0093,NESN.SW,2023,93351000000.0,43023000000.0,15671000000.0,11209000000.0,126550000000.0,35742000000.0,55241000000.0,30857000000.0,37084000000.0,9738000000.0
COMP_0093,NESN.SW,2022,94780000000.0,43035000000.0,15668000000.0,9270000000.0,135182000000.0,41982000000.0,54312000000.0,35062000000.0,39976000000.0,6546000000.0
COMP_0094,OR.PA,2025,44052000000.0,32738600000.0,8891900000.0,6127200000.0,61821200000.0,34953200000.0,11916100000.0,22198500000.0,15366500000.0,7161600000.0
COMP_0094,OR.PA,2024,43486800000.0,32259800000.0,8687500000.0,6408700000.0,56353400000.0,33133300000.0,8495000000.0,16473500000.0,14636000000.0,6644300000.0
COMP_0094,OR.PA,2023,41182500000.0,30415500000.0,8143300000.0,6184000000.0,51855100000.0,29074300000.0,8692000000.0,16325400000.0,14899700000.0,6115900000.0
COMP_0094,OR.PA,2022,38260600000.0,27683200000.0,7456800000.0,5706600000.0,46844200000.0,27178500000.0,5650900000.0,14049600000.0,13719600000.0,4935100000.0
COMP_0095,MC.PA,2025,80807000000.0,53528000000.0,17668000000.0,10878000000.0,142037000000.0,67472000000.0,36731000000.0,48179000000.0,30416000000.0,14205000000.0
COMP_0095,MC.PA,2024,84682000000.0,56764000000.0,19577000000.0,12550000000.0,149190000000.0,67517000000.0,41203000000.0,47471000000.0,33696000000.0,13373000000.0
COMP_0095,MC.PA,2023,86153000000.0,59277000000.0,22781000000.0,15174000000.0,143694000000.0,61017000000.0,38876000000.0,43710000000.0,33145000000.0,10596000000.0
COMP_0095,MC.PA,2022,79183000000.0,54195000000.0,21014000000.0,14084000000.0,134646000000.0,55111000000.0,35147000000.0,39740000000.0,31543000000.0,12753000000.0
COMP_0097,TTE.PA,2025,182344000000.0,51847000000.0,19925000000.0,13127000000.0,291055000000.0,114883000000.0,60071000000.0,89469000000.0,92563000000.0,10390000000.0
COMP_0097,TTE.PA,2024,195610000000.0,55532000000.0,24105000000.0,15758000000.0,285487000000.0,117858000000.0,51244000000.0,96571000000.0,87960000000.0,15945000000.0
COMP_0097,TTE.PA,2023,218945000000.0,62373000000.0,30857000000.0,21384000000.0,283654000000.0,116753000000.0,47870000000.0,99529000000.0,88785000000.0,22957000000.0
COMP_0097,TTE.PA,2022,263310000000.0,81211000000.0,49693000000.0,20526000000.0,303864000000.0,111724000000.0,57020000000.0,125724000000.0,109778000000.0,31677000000.0
COMP_0098,AIR.PA,2025,73420000000.0,10967000000.0,5236000000.0,5221000000.0,134939000000.0,26104000000.0,11023000000.0,73647000000.0,63511000000.0,4031000000.0
COMP_0098,AIR.PA,2024,69230000000.0,10675000000.0,4804000000.0,4232000000.0,129213000000.0,19606000000.0,11275000000.0,69432000000.0,60623000000.0,3733000000.0
COMP_0098,AIR.PA,2023,65446000000.0,10044000000.0,4266000000.0,3789000000.0,118871000000.0,17695000000.0,11322000000.0,64001000000.0,53750000000.0,3204000000.0
COMP_0098,AIR.PA,2022,58763000000.0,10571000000.0,5252000000.0,4247000000.0,115944000000.0,12950000000.0,10983000000.0,63002000000.0,52595000000.0,3824000000.0
COMP_0099,BNP.PA,2025,68804000000.0,,,12225000000.0,2792981000000.0,125513000000.0,398488000000.0,,,43696000000.0
COMP_0099,BNP.PA,2024,65870000000.0,,,11688000000.0,2704908000000.0,128137000000.0,379895000000.0,,,-99512000000.0
COMP_0099,BNP.PA,2023,59735000000.0,,,10975000000.0,2591499000000.0,123742000000.0,346845000000.0,,,-36457000000.0
COMP_0099,BNP.PA,2022,57477000000.0,,,9848000000.0,2663748000000.0,121237000000.0,293984000000.0,,,-55366000000.0
COMP_0100,SIE.DE,2025,78914000000.0,30399000000.0,9092000000.0,9620000000.0,166202000000.0,62244000000.0,56015000000.0,64711000000.0,47261000000.0,10812000000.0
COMP_0100,SIE.DE,2024,75930000000.0,29823000000.0,9498000000.0,8301000000.0,147812000000.0,51264000000.0,47919000000.0,61353000000.0,43913000000.0,9577000000.0
COMP_0100,SIE.DE,2023,74882000000.0,29117000000.0,9402000000.0,7949000000.0,145071000000.0,47782000000.0,46596000000.0,60639000000.0,44913000000.0,10093000000.0
COMP_0100,SIE.DE,2022,71977000000.0,25847000000.0,7276000000.0,3723000000.0,151502000000.0,48895000000.0,50636000000.0,58829000000.0,42686000000.0,8157000000.0
COMP_0101,ALV.DE,2025,137450000000.0,,,10775000000.0,1024276000000.0,62722000000.0,35275000000.0,,,30944000000.0
COMP_0101,ALV.DE,2024,139947000000.0,,,9931000000.0,1044578000000.0,60287000000.0,34839000000.0,,,29988000000.0
COMP_0101,ALV.DE,2023,119667000000.0,,,8541000000.0,983174000000.0,58239000000.0,29983000000.0,,,22322000000.0
COMP_0101,ALV.DE,2022,79860000000.0,,,6421000000.0,935897000000.0,54415000000.0,29498000000.0,,,16334000000.0
COMP_0102,DTE.DE,2025,118343000000.0,72279000000.0,25612000000.0,9609000000.0,289769000000.0,62171000000.0,140462000000.0,41177000000.0,36848000000.0,21371000000.0
COMP_0102,DTE.DE,2024,115111000000.0,70370000000.0,24208000000.0,11209000000.0,304934000000.0,63296000000.0,145146000000.0,37161000000.0,35182000000.0,20703000000.0
COMP_0102,DTE.DE,2023,111308000000.0,66822000000.0,21166000000.0,17788000000.0,290305000000.0,56925000000.0,138755000000.0,36363000000.0,36065000000.0,19432000000.0
COMP_0102,DTE.DE,2022,113608000000.0,63561000000.0,14066000000.0,8001000000.0,298590000000.0,48558000000.0,144242000000.0,39144000000.0,45389000000.0,11705000000.0
COMP_0103,BAS.DE,2025,59656000000.0,14359000000.0,2860000000.0,1619000000.0,76174000000.0,33194000000.0,23209000000.0,31684000000.0,16411000000.0,1343000000.0
COMP_0103,BAS.DE,2024,61443000000.0,15219000000.0,2970000000.0,1298000000.0,80415000000.0,35599000000.0,23995000000.0,31232000000.0,17039000000.0,748000000.0
COMP_0103,BAS.DE,2023,68902000000.0,16702000000.0,3258000000.0,225000000.0,77395000000.0,35277000000.0,21347000000.0,31472000000.0,15871000000.0,2716000000.0
COMP_0103,BAS.DE,2022,87327000000.0,21067000000.0,7361000000.0,-627000000.0,84472000000.0,39573000000.0,20949000000.0,37422000000.0,20440000000.0,3334000000.0
COMP_0104,BMW.DE,2025,133453000000.0,20595000000.0,9981000000.0,7294000000.0,265967000000.0,95697000000.0,88350000000.0,91648000000.0,81724000000.0,-2735000000.0
COMP_0104,BMW.DE,2024,142380000000.0,22895000000.0,11394000000.0,7290000000.0,267732000000.0,92315000000.0,85504000000.0,96387000000.0,87689000000.0,-4639000000.0
COMP_0104,BMW.DE,2023,155498000000.0,29689000000.0,18476000000.0,11290000000.0,250890000000.0,89596000000.0,71548000000.0,94972000000.0,87001000000.0,6661000000.0
COMP_0104,BMW.DE,2022,142610000000.0,24568000000.0,14209000000.0,17941000000.0,246926000000.0,87125000000.0,71561000000.0,92204000000.0,84421000000.0,14473000000.0
COMP_0105,MBG.DE,2025,132214000000.0,22333000000.0,4870000000.0,5141000000.0,255466000000.0,93257000000.0,82267000000.0,102132000000.0,73768000000.0,8264000000.0
COMP_0105,MBG.DE,2024,145594000000.0,28576000000.0,12301000000.0,10207000000.0,265010000000.0,92625000000.0,93042000000.0,101767000000.0,74826000000.0,9070000000.0
COMP_0105,MBG.DE,2023,152390000000.0,35004000000.0,17522000000.0,14261000000.0,263022000000.0,91773000000.0,87964000000.0,104032000000.0,83290000000.0,6257000000.0
COMP_0105,MBG.DE,2022,150017000000.0,34020000000.0,17884000000.0,14501000000.0,260015000000.0,85415000000.0,84414000000.0,102874000000.0,88403000000.0,9995000000.0
COMP_0106,VOW3.DE,2025,321913000000.0,51242000000.0,10794000000.0,7323000000.0,644467000000.0,188277000000.0,196357000000.0,247865000000.0,226525000000.0,-9337000000.0
COMP_0106,VOW3.DE,2024,324655000000.0,59471000000.0,21664000000.0,11351000000.0,632905000000.0,182294000000.0,196520000000.0,245231000000.0,217039000000.0,-10295000000.0
COMP_0106,VOW3.DE,2023,322284000000.0,60985000000.0,25699000000.0,16532000000.0,600649000000.0,174968000000.0,193972000000.0,239644000000.0,206036000000.0,-6439000000.0
COMP_0106,VOW3.DE,2022,279050000000.0,52184000000.0,18488000000.0,15457000000.0,564013000000.0,165376000000.0,178436000000.0,224159000000.0,182723000000.0,5825000000.0
COMP_0107,ADS.DE,2025,24811000000.0,12805000000.0,2061000000.0,1340000000.0,20262000000.0,5776000000.0,5556000000.0,11977000000.0,9094000000.0,274000000.0
COMP_0107,ADS.DE,2024,23683000000.0,12025000000.0,1291000000.0,764000000.0,20655000000.0,5476000000.0,5587000000.0,11904000000.0,9593000000.0,2370000000.0
COMP_0107,ADS.DE,2023,21427000000.0,10183000000.0,279000000.0,-75000000.0,18020000000.0,4580000000.0,5563000000.0,9809000000.0,8043000000.0,2046000000.0
COMP_0107,ADS.DE,2022,22511000000.0,10644000000.0,729000000.0,612000000.0,20296000000.0,4991000000.0,6459000000.0,11732000000.0,9257000000.0,-1174000000.0
COMP_0108,DBK.DE,2025,32099000000.0,,,6931000000.0,1435067000000.0,78641000000.0,164452000000.0,,,46621000000.0
COMP_0108,DBK.DE,2024,30047000000.0,,,3366000000.0,1387177000000.0,77826000000.0,151490000000.0,,,-29112000000.0
COMP_0108,DBK.DE,2023,28875000000.0,,,4772000000.0,1312331000000.0,73054000000.0,144217000000.0,,,5184000000.0
COMP_0108,DBK.DE,2022,26656000000.0,,,5525000000.0,1336788000000.0,70537000000.0,146379000000.0,,,-2450000000.0
COMP_0109,ENEL.MI,2025,67452000000.0,31592000000.0,3571000000.0,4225000000.0,178657000000.0,32068000000.0,68472000000.0,34285000000.0,47063000000.0,4295000000.0
COMP_0109,ENEL.MI,2024,70649000000.0,38229000000.0,10851000000.0,7016000000.0,187139000000.0,33731000000.0,70352000000.0,41287000000.0,49813000000.0,3057000000.0
COMP_0109,ENEL.MI,2023,82499000000.0,34587000000.0,6050000000.0,3438000000.0,195224000000.0,31755000000.0,73557000000.0,50535000000.0,59115000000.0,1852000000.0
COMP_0109,ENEL.MI,2022,102666000000.0,5682000000.0,-23308000000.0,1682000000.0,219874000000.0,28655000000.0,87905000000.0,72218000000.0,75664000000.0,-4593000000.0
COMP_0110,ENI.MI,2025,82151000000.0,7746000000.0,4506000000.0,2608000000.0,137069000000.0,47940000000.0,34202000000.0,48867000000.0,36815000000.0,4101000000.0
COMP_0110,ENI.MI,2024,88797000000.0,10083000000.0,6653000000.0,2624000000.0,146939000000.0,52785000000.0,36843000000.0,44002000000.0,38677000000.0,4602000000.0
COMP_0110,ENI.MI,2023,93717000000.0,12402000000.0,9017000000.0,4771000000.0,142606000000.0,53184000000.0,34065000000.0,49314000000.0,38612000000.0,5904000000.0
COMP_0110,ENI.MI,2022,132512000000.0,22778000000.0,19810000000.0,13887000000.0,152130000000.0,54759000000.0,31868000000.0,61861000000.0,49531000000.0,9401000000.0
COMP_0112,UCG.MI,2025,25039000000.0,,,10915000000.0,870238000000.0,67711000000.0,129938000000.0,,,7259000000.0
COMP_0112,UCG.MI,2024,26579000000.0,,,9719000000.0,784004000000.0,62441000000.0,122724000000.0,,,-8816000000.0
COMP_0112,UCG.MI,2023,25360000000.0,,,9507000000.0,784974000000.0,64079000000.0,122522000000.0,,,-42280000000.0
COMP_0112,UCG.MI,2022,21037000000.0,,,6458000000.0,857773000000.0,63339000000.0,115462000000.0,,,9094000000.0
COMP_0113,HSBA.L,2025,71020000000.0,,,22285000000.0,3233034000000.0,198225000000.0,256139000000.0,,,25105000000.0
COMP_0113,HSBA.L,2024,67396000000.0,,,23979000000.0,3017048000000.0,184973000000.0,242347000000.0,,,61419000000.0
COMP_0113,HSBA.L,2023,64528000000.0,,,23533000000.0,3038677000000.0,185329000000.0,235159000000.0,,,35416000000.0
COMP_0113,HSBA.L,2022,53719000000.0,,,15559000000.0,2949286000000.0,177833000000.0,204239000000.0,,,14946000000.0
COMP_0115,AZN.L,2025,58739000000.0,48106000000.0,13327000000.0,10225000000.0,114074000000.0,48667000000.0,29149000000.0,28723000000.0,30617000000.0,8670000000.0
COMP_0115,AZN.L,2024,54073000000.0,43866000000.0,10251000000.0,7035000000.0,104035000000.0,40786000000.0,30114000000.0,25827000000.0,27866000000.0,7275000000.0
COMP_0115,AZN.L,2023,45811000000.0,37543000000.0,8722000000.0,5955000000.0,101119000000.0,39143000000.0,28407000000.0,25054000000.0,30542000000.0,6567000000.0
COMP_0115,AZN.L,2022,44351000000.0,31960000000.0,4512000000.0,3288000000.0,96483000000.0,37037000000.0,29143000000.0,22593000000.0,26293000000.0,7237000000.0
COMP_0116,GSK.L,2025,32667000000.0,23650000000.0,8338000000.0,5716000000.0,61118000000.0,16377000000.0,17720000000.0,17510000000.0,21391000000.0,4756000000.0
COMP_0116,GSK.L,2024,31376000000.0,22328000000.0,5542000000.0,2575000000.0,59463000000.0,13671000000.0,16986000000.0,16997000000.0,21697000000.0,3572000000.0
COMP_0116,GSK.L,2023,30328000000.0,21763000000.0,7345000000.0,4928000000.0,59005000000.0,13347000000.0,18018000000.0,18644000000.0,21068000000.0,4424000000.0
COMP_0116,GSK.L,2022,29324000000.0,19770000000.0,6729000000.0,14956000000.0,60146000000.0,10598000000.0,20987000000.0,20769000000.0,22810000000.0,5145000000.0
COMP_0119,RIO.L,2025,57638000000.0,33101000000.0,15448000000.0,9966000000.0,128102000000.0,62203000000.0,23517000000.0,21569000000.0,14930000000.0,4497000000.0
COMP_0119,RIO.L,2024,53658000000.0,30280000000.0,14784000000.0,11552000000.0,102786000000.0,55246000000.0,13855000000.0,19120000000.0,11743000000.0,5978000000.0
COMP_0119,RIO.L,2023,54041000000.0,32401000000.0,15712000000.0,10058000000.0,103549000000.0,54586000000.0,14352000000.0,21510000000.0,12743000000.0,8074000000.0
COMP_0119,RIO.L,2022,55554000000.0,34270000000.0,19414000000.0,12392000000.0,96774000000.0,50634000000.0,12271000000.0,18973000000.0,11603000000.0,9384000000.0
COMP_0120,BHP.L,2025,51262000000.0,36731000000.0,19078000000.0,9019000000.0,108790000000.0,46228000000.0,24496000000.0,22830000000.0,15639000000.0,9294000000.0
COMP_0120,BHP.L,2024,55658000000.0,40545000000.0,22905000000.0,7897000000.0,102362000000.0,43374000000.0,20718000000.0,24338000000.0,14296000000.0,11849000000.0
COMP_0120,BHP.L,2023,53817000000.0,37904000000.0,21957000000.0,12921000000.0,101296000000.0,43055000000.0,22345000000.0,23351000000.0,19043000000.0,11968000000.0
COMP_0120,BHP.L,2022,65098000000.0,50184000000.0,32887000000.0,30900000000.0,95166000000.0,43516000000.0,16428000000.0,28664000000.0,16919000000.0,26319000000.0
COMP_0121,DGE.L,2025,20245000000.0,12173000000.0,4335000000.0,2354000000.0,49322000000.0,11090000000.0,24401000000.0,17497000000.0,10712000000.0,2685000000.0
COMP_0121,DGE.L,2024,20269000000.0,12198000000.0,6001000000.0,3870000000.0,45474000000.0,10032000000.0,22105000000.0,15126000000.0,9868000000.0,2595000000.0
COMP_0121,DGE.L,2023,20555000000.0,12266000000.0,5547000000.0,4445000000.0,44883000000.0,9856000000.0,21355000000.0,15622000000.0,9593000000.0,2219000000.0
COMP_0121,DGE.L,2022,20516000000.0,12593000000.0,5897000000.0,4280000000.0,44183000000.0,9435000000.0,19385000000.0,15650000000.0,10215000000.0,3756000000.0
COMP_0122,REL.L,2025,9590000000.0,6357000000.0,2983000000.0,2065000000.0,14757000000.0,2366000000.0,7267000000.0,2960000000.0,6001000000.0,2311000000.0
COMP_0122,REL.L,2024,9434000000.0,6134000000.0,2818000000.0,1934000000.0,15133000000.0,3481000000.0,6544000000.0,2996000000.0,5718000000.0,2124000000.0
COMP_0122,REL.L,2023,9161000000.0,5945000000.0,2636000000.0,1781000000.0,14917000000.0,3460000000.0,6497000000.0,2874000000.0,5490000000.0,1980000000.0
COMP_0122,REL.L,2022,8553000000.0,5508000000.0,2304000000.0,1634000000.0,15829000000.0,3776000000.0,6730000000.0,3069000000.0,5187000000.0,1965000000.0
COMP_0123,VOD.L,2026,40461000000.0,12733000000.0,3743000000.0,-397000000.0,129918000000.0,50633000000.0,52636000000.0,27292000000.0,23995000000.0,6973000000.0
COMP_0123,VOD.L,2025,37448000000.0,12519000000.0,4138000000.0,-4169000000.0,128521000000.0,52745000000.0,53143000000.0,28620000000.0,22754000000.0,8674000000.0
COMP_0123,VOD.L,2024,36717000000.0,12258000000.0,3816000000.0,1140000000.0,144350000000.0,59966000000.0,56987000000.0,39560000000.0,29270000000.0,9697000000.0
COMP_0123,VOD.L,2023,37672000000.0,13313000000.0,5238000000.0,11838000000.0,155521000000.0,63399000000.0,66390000000.0,30662000000.0,32571000000.0,10298000000.0
COMP_0124,LSEG.L,2025,9346000000.0,8233000000.0,2170000000.0,1249000000.0,796704000000.0,19779000000.0,11718000000.0,763570000000.0,763515000000.0,1716000000.0
COMP_0124,LSEG.L,2024,8858000000.0,7685000000.0,1370000000.0,685000000.0,732819000000.0,23013000000.0,9965000000.0,698042000000.0,696535000000.0,2388000000.0
COMP_0124,LSEG.L,2023,8379000000.0,7236000000.0,1661000000.0,761000000.0,805010000000.0,23807000000.0,9699000000.0,769639000000.0,768578000000.0,1858000000.0
COMP_0124,LSEG.L,2022,7743000000.0,6679000000.0,1640000000.0,1303000000.0,835156000000.0,25996000000.0,8823000000.0,797791000000.0,796469000000.0,1771000000.0
COMP_0125,NOVN.SW,2025,56674000000.0,42975000000.0,17644000000.0,13984000000.0,110949000000.0,46130000000.0,35376000000.0,30460000000.0,27278000000.0,15244000000.0
COMP_0125,NOVN.SW,2024,51722000000.0,38895000000.0,14544000000.0,11941000000.0,102246000000.0,44046000000.0,31258000000.0,29704000000.0,28692000000.0,13805000000.0
COMP_0125,NOVN.SW,2023,46660000000.0,34188000000.0,9769000000.0,14850000000.0,99945000000.0,46667000000.0,26348000000.0,30481000000.0,26390000000.0,11705000000.0
COMP_0125,NOVN.SW,2022,43461000000.0,31879000000.0,7946000000.0,6955000000.0,117453000000.0,59342000000.0,27909000000.0,36910000000.0,28656000000.0,11997000000.0
COMP_0127,6758.T,2026,12479620000000.0,3844395000000.0,1553690000000.0,-326865000000.0,15683490000000.0,8119011000000.0,1669669000000.0,5949991000000.0,5032624000000.0,1487936000000.0
COMP_0127,6758.T,2025,12034917000000.0,3530107000000.0,1280339000000.0,1141600000000.0,35293173000000.0,8179745000000.0,4198246000000.0,7454988000000.0,10688788000000.0,1700690000000.0
COMP_0127,6758.T,2024,11260037000000.0,3170720000000.0,1012816000000.0,970573000000.0,34107490000000.0,7587177000000.0,4088433000000.0,6776806000000.0,10192045000000.0,767434000000.0
COMP_0127,6758.T,2023,10974373000000.0,3235089000000.0,1273205000000.0,1005277000000.0,31154095000000.0,6598537000000.0,3870572000000.0,5722532000000.0,9318409000000.0,-298944000000.0
COMP_0128,9984.T,2025,7243752000000.0,3754203000000.0,729794000000.0,1153332000000.0,45013756000000.0,11561541000000.0,18913350000000.0,9432918000000.0,12436315000000.0,-650593000000.0
COMP_0128,9984.T,2024,6756500000000.0,3542392000000.0,560009000000.0,-227646000000.0,46724243000000.0,11162125000000.0,21362031000000.0,11441393000000.0,13870494000000.0,-372065000000.0
COMP_0128,9984.T,2023,6570439000000.0,3328042000000.0,632714000000.0,-970144000000.0,43936368000000.0,9029849000000.0,20315191000000.0,10586482000000.0,10396619000000.0,107527000000.0
COMP_0128,9984.T,2022,6221534000000.0,3265574000000.0,713852000000.0,-1708029000000.0,47544670000000.0,9975674000000.0,22323580000000.0,10028589000000.0,12141221000000.0,1890377000000.0
COMP_0129,6861.T,2026,1169289000000.0,970737000000.0,595759000000.0,445185000000.0,3670655000000.0,3471471000000.0,,1979505000000.0,187831000000.0,402309000000.0
COMP_0129,6861.T,2025,1059145000000.0,887700000000.0,549775000000.0,398656000000.0,3289224000000.0,3108552000000.0,,1632589000000.0,168040000000.0,395180000000.0
COMP_0129,6861.T,2024,967288000000.0,802505000000.0,495014000000.0,369642000000.0,2964792000000.0,2806193000000.0,,1531827000000.0,145362000000.0,375424000000.0
COMP_0129,6861.T,2023,922422000000.0,754732000000.0,498915000000.0,362963000000.0,2650429000000.0,2491633000000.0,,1336098000000.0,149261000000.0,263283000000.0
COMP_0130,9432.T,2026,14409121000000.0,11194234000000.0,1786410000000.0,1037032000000.0,46721259000000.0,9727623000000.0,16919540000000.0,11344700000000.0,22332886000000.0,-770542000000.0
COMP_0130,9432.T,2025,13704727000000.0,10606124000000.0,1669639000000.0,1000016000000.0,30062483000000.0,10221587000000.0,11171213000000.0,8370359000000.0,8865263000000.0,231739000000.0
COMP_0130,9432.T,2024,13374569000000.0,10439104000000.0,1937382000000.0,1279521000000.0,29604223000000.0,9844160000000.0,10714011000000.0,8324087000000.0,8845645000000.0,290155000000.0
COMP_0130,9432.T,2023,13136194000000.0,10367483000000.0,1844953000000.0,1213116000000.0,25308851000000.0,8561353000000.0,9150533000000.0,6654868000000.0,6839986000000.0,409134000000.0
COMP_0131,8058.T,2026,18915995000000.0,1655074000000.0,418621000000.0,800460000000.0,24151695000000.0,9440567000000.0,6490183000000.0,10171663000000.0,7207970000000.0,1137094000000.0
COMP_0131,8058.T,2025,18617601000000.0,1836394000000.0,371097000000.0,950709000000.0,21496104000000.0,9368714000000.0,5339302000000.0,8752370000000.0,5883020000000.0,1274057000000.0
COMP_0131,8058.T,2024,19567601000000.0,2359709000000.0,667427000000.0,964034000000.0,23459572000000.0,9043867000000.0,5686591000000.0,11676499000000.0,8132081000000.0,826838000000.0
COMP_0131,8058.T,2023,21571973000000.0,2559962000000.0,952444000000.0,1180694000000.0,22147501000000.0,8065640000000.0,6557570000000.0,9109303000000.0,6694679000000.0,1475184000000.0
COMP_0132,8306.T,2026,7521125000000.0,,,2427229000000.0,431731548000000.0,22274040000000.0,35097628000000.0,,,-23737555000000.0
COMP_0132,8306.T,2025,6838439000000.0,,,1862946000000.0,413113501000000.0,20520385000000.0,23940159000000.0,,,-450286000000.0
COMP_0132,8306.T,2024,5879775000000.0,,,1490781000000.0,403703147000000.0,19587973000000.0,25746429000000.0,,,-10307667000000.0
COMP_0132,8306.T,2023,6057232000000.0,,,1116496000000.0,386799477000000.0,17231291000000.0,22426176000000.0,,,13030148000000.0
COMP_0133,6367.T,2025,4752335000000.0,1626688000000.0,401669000000.0,264757000000.0,5133416000000.0,2805493000000.0,986849000000.0,2853654000000.0,1543047000000.0,268465000000.0
COMP_0133,6367.T,2024,4395317000000.0,1509673000000.0,392137000000.0,260311000000.0,4880230000000.0,2641305000000.0,968185000000.0,2726598000000.0,1566990000000.0,156934000000.0
COMP_0133,6367.T,2023,3981578000000.0,1331476000000.0,377033000000.0,257754000000.0,4303682000000.0,2238146000000.0,887628000000.0,2427082000000.0,1449321000000.0,-16180000000.0
COMP_0133,6367.T,2022,3109106000000.0,1057338000000.0,316351000000.0,217709000000.0,3823038000000.0,1971271000000.0,824814000000.0,2165623000000.0,1306239000000.0,130965000000.0
COMP_0134,6902.T,2026,3878849000000.0,251311000000.0,56058000000.0,702141000000.0,8730854000000.0,5492689000000.0,811282000000.0,4142805000000.0,1984245000000.0,76836000000.0
COMP_0134,6902.T,2025,3732966000000.0,326906000000.0,102755000000.0,609038000000.0,8125000000000.0,4978266000000.0,699384000000.0,3909839000000.0,2109338000000.0,313321000000.0
COMP_0134,6902.T,2024,7144733000000.0,1089953000000.0,380599000000.0,312791000000.0,9093370000000.0,5534986000000.0,850721000000.0,3865379000000.0,2164973000000.0,515421000000.0
COMP_0134,6902.T,2023,6401320000000.0,911144000000.0,426099000000.0,314633000000.0,7408662000000.0,4376928000000.0,889274000000.0,3277586000000.0,1796784000000.0,188406000000.0
COMP_0136,4519.T,2025,1257941000000.0,894251000000.0,598833000000.0,,2468595000000.0,2025732000000.0,,1740758000000.0,411077000000.0,274673000000.0
COMP_0136,4519.T,2024,1170611000000.0,831201000000.0,542002000000.0,,2208373000000.0,1901499000000.0,,1606043000000.0,290357000000.0,392701000000.0
COMP_0136,4519.T,2023,1111367000000.0,698061000000.0,439174000000.0,,1932547000000.0,1625580000000.0,,1366426000000.0,288217000000.0,335667000000.0
COMP_0136,4519.T,2022,1259726000000.0,783475000000.0,533308000000.0,,1869758000000.0,1424387000000.0,,1336537000000.0,423730000000.0,172343000000.0
COMP_0140,7741.T,2026,995844000000.0,859940000000.0,551126000000.0,253084000000.0,1300897000000.0,1020460000000.0,42241000000.0,960752000000.0,199674000000.0,221865000000.0
COMP_0140,7741.T,2025,885815000000.0,766251000000.0,480792000000.0,202102000000.0,1234278000000.0,974023000000.0,37283000000.0,879731000000.0,179508000000.0,187191000000.0
COMP_0140,7741.T,2024,792628000000.0,687990000000.0,433453000000.0,181376000000.0,1203623000000.0,967758000000.0,29239000000.0,856635000000.0,168972000000.0,181728000000.0
COMP_0140,7741.T,2023,734095000000.0,631855000000.0,400864000000.0,168638000000.0,1028326000000.0,818321000000.0,24582000000.0,710155000000.0,156099000000.0,168356000000.0
COMP_0143,6971.T,2026,2070203000000.0,607643000000.0,95021000000.0,140969000000.0,4646314000000.0,3339431000000.0,332724000000.0,1501151000000.0,525010000000.0,53189000000.0
COMP_0143,6971.T,2025,2014454000000.0,559174000000.0,26695000000.0,24097000000.0,4511307000000.0,3217788000000.0,342382000000.0,1435748000000.0,491682000000.0,70074000000.0
COMP_0143,6971.T,2024,2004221000000.0,553111000000.0,92923000000.0,101074000000.0,4465376000000.0,3225595000000.0,304191000000.0,1439354000000.0,470189000000.0,109330000000.0
COMP_0143,6971.T,2023,2025332000000.0,564944000000.0,128517000000.0,127988000000.0,4093928000000.0,3023777000000.0,209801000000.0,1357312000000.0,461074000000.0,-7431000000.0
COMP_0144,7751.T,2025,4624727000000.0,2161955000000.0,455390000000.0,332053000000.0,6135044000000.0,3491808000000.0,946159000000.0,2617021000000.0,1704060000000.0,213738000000.0
COMP_0144,7751.T,2024,4509821000000.0,2143095000000.0,444854000000.0,160025000000.0,5766246000000.0,3380273000000.0,663500000000.0,2450083000000.0,1546306000000.0,369830000000.0
COMP_0144,7751.T,2023,4180972000000.0,1968910000000.0,375366000000.0,264513000000.0,5416577000000.0,3353022000000.0,517317000000.0,2224086000000.0,1439176000000.0,220882000000.0
COMP_0144,7751.T,2022,4031414000000.0,1827802000000.0,353399000000.0,243961000000.0,5095530000000.0,3113105000000.0,417413000000.0,2155914000000.0,1365353000000.0,74076000000.0
COMP_0145,8316.T,2026,5791563000000.0,,,1582973000000.0,328511145000000.0,15786049000000.0,32550785000000.0,,,-10760659000000.0
COMP_0145,8316.T,2025,5066269000000.0,,,1177996000000.0,306282015000000.0,14704201000000.0,32500560000000.0,,,4481499000000.0
COMP_0145,8316.T,2024,4433371000000.0,,,962946000000.0,295236701000000.0,14661039000000.0,34255768000000.0,,,250981000000.0
COMP_0145,8316.T,2023,3719458000000.0,,,805842000000.0,270428564000000.0,12681609000000.0,29382844000000.0,,,-6194314000000.0
COMP_0146,9983.T,2025,3400539000000.0,1828858000000.0,562561000000.0,433010000000.0,3859353000000.0,2273115000000.0,513500000000.0,2527815000000.0,911291000000.0,401830000000.0
COMP_0146,9983.T,2024,3103836000000.0,1673071000000.0,499486000000.0,372000000000.0,3587565000000.0,2016535000000.0,478062000000.0,2363271000000.0,852390000000.0,545518000000.0
COMP_0146,9983.T,2023,2766557000000.0,1436360000000.0,379951000000.0,296230000000.0,3303694000000.0,1821405000000.0,465649000000.0,2176695000000.0,729260000000.0,366059000000.0
COMP_0146,9983.T,2022,2301122000000.0,1206859000000.0,296265000000.0,273335000000.0,3183762000000.0,1561652000000.0,480725000000.0,2178851000000.0,876242000000.0,350415000000.0
COMP_0147,8031.T,2026,13995222000000.0,1328153000000.0,426023000000.0,833971000000.0,20821528000000.0,8767744000000.0,5707766000000.0,7056043000000.0,5010602000000.0,-155487000000.0
COMP_0147,8031.T,2025,14662620000000.0,1288366000000.0,400654000000.0,900342000000.0,16811509000000.0,7546615000000.0,4841260000000.0,5686941000000.0,3654185000000.0,671371000000.0
COMP_0147,8031.T,2024,13324942000000.0,1319715000000.0,525424000000.0,1063684000000.0,16899502000000.0,7541848000000.0,4776056000000.0,5768148000000.0,3891538000000.0,569648000000.0
COMP_0147,8031.T,2023,14306402000000.0,1396228000000.0,693419000000.0,1130630000000.0,15380916000000.0,6367750000000.0,5040560000000.0,5674833000000.0,3766637000000.0,857494000000.0
COMP_0148,4502.T,2026,4505720000000.0,2934132000000.0,464451000000.0,-152390000000.0,15511506000000.0,7429441000000.0,4881838000000.0,3090503000000.0,2832074000000.0,626772000000.0
COMP_0148,4502.T,2025,4581551000000.0,3001334000000.0,466370000000.0,107928000000.0,14248344000000.0,6935084000000.0,4515265000000.0,2521192000000.0,2506521000000.0,677557000000.0
COMP_0148,4502.T,2024,4263762000000.0,2837084000000.0,309901000000.0,144067000000.0,15108792000000.0,7273264000000.0,4843752000000.0,2558580000000.0,2313103000000.0,235614000000.0
COMP_0148,4502.T,2023,4027478000000.0,2783406000000.0,587812000000.0,317017000000.0,13957750000000.0,6354122000000.0,4382341000000.0,2397956000000.0,2481940000000.0,343467000000.0
