company_id,ticker,fiscal_year,annual_return,annual_volatility,market_cap
COMP_0001,AAPL,2018,-0.053902,0.287428,549696362054.24
COMP_0001,AAPL,2019,0.889578,0.261902,1038694316474.24
COMP_0001,AAPL,2020,0.823067,0.466993,1893609550040.47
COMP_0001,AAPL,2021,0.346482,0.250155,2549710748123.41
COMP_0001,AAPL,2022,-0.264042,0.356721,1876480053562.99
COMP_0001,AAPL,2023,0.49008,0.199543,2796106294945.07
COMP_0001,AAPL,2024,0.307053,0.224197,3654657733819.82
COMP_0001,AAPL,2025,0.090526,0.324641,3985499750748.54
COMP_0001,AAPL,2026,0.087539,0.241763,4334385414013.18
COMP_0002,MSFT,2018,0.207954,0.28318,702821554263.88
COMP_0002,MSFT,2019,0.575581,0.198579,1107352055078.2
COMP_0002,MSFT,2020,0.42534,0.439393,1578353648651.18
COMP_0002,MSFT,2021,0.524769,0.209632,2406625138287.44
COMP_0002,MSFT,2022,-0.280247,0.353823,1732174478205.49
COMP_0002,MSFT,2023,0.581913,0.251204,2740148889380.8
COMP_0002,MSFT,2024,0.129273,0.199495,3094376727177.08
COMP_0002,MSFT,2025,0.155842,0.242987,3576611991987.39
COMP_0002,MSFT,2026,-0.230657,0.330248,2751640882802.73
COMP_0003,GOOGL,2018,-0.008012,0.281944,631956377803.55
COMP_0003,GOOGL,2019,0.281762,0.237334,810017663282.28
COMP_0003,GOOGL,2020,0.308536,0.384834,1059937201323.81
COMP_0003,GOOGL,2021,0.652958,0.243064,1752031507468.69
COMP_0003,GOOGL,2022,-0.390895,0.387272,1067170283249.1
COMP_0003,GOOGL,2023,0.583248,0.303982,1689595728251.74
COMP_0003,GOOGL,2024,0.360056,0.280777,2297944718656.1
COMP_0003,GOOGL,2025,0.659936,0.324116,3814440273790.79
COMP_0003,GOOGL,2026,0.102472,0.313366,4205311764581.62
COMP_0004,GOOG,2018,-0.010312,0.281354,626333104176.45
COMP_0004,GOOG,2019,0.291046,0.241735,808624820443.36
COMP_0004,GOOG,2020,0.310287,0.383372,1059530548190.98
COMP_0004,GOOG,2021,0.651706,0.237068,1750032874351.53
COMP_0004,GOOG,2022,-0.386713,0.388454,1073271662911.85
COMP_0004,GOOG,2023,0.588301,0.306112,1704678947268.17
COMP_0004,GOOG,2024,0.356165,0.277526,2311825294547.53
COMP_0004,GOOG,2025,0.654178,0.319693,3824170157540.62
COMP_0004,GOOG,2026,0.098629,0.308842,4201345779357.51
COMP_0005,AMZN,2018,0.284317,0.361434,807842816464.1
COMP_0005,AMZN,2019,0.230277,0.228302,993870836627.18
COMP_0005,AMZN,2020,0.762561,0.38511,1751757585002.11
COMP_0005,AMZN,2021,0.023768,0.240413,1793392962629.79
COMP_0005,AMZN,2022,-0.496152,0.501177,903597192624.0
COMP_0005,AMZN,2023,0.80881,0.330267,1634435233968.31
COMP_0005,AMZN,2024,0.443925,0.281079,2360002232598.42
COMP_0005,AMZN,2025,0.052099,0.344892,2482956078804.94
COMP_0005,AMZN,2026,0.027958,0.315188,2552373707195.99
COMP_0006,META,2018,-0.257112,0.380172,329865234346.48
COMP_0006,META,2019,0.565718,0.27734,516475911393.35
COMP_0006,META,2020,0.330865,0.459431,687359604349.13
COMP_0006,META,2021,0.23133,0.295786,846366244896.03
COMP_0006,META,2022,-0.642218,0.643788,302814676847.41
COMP_0006,META,2023,1.941333,0.398289,890678727707.84
COMP_0006,META,2024,0.660489,0.364781,1478962356669.48
COMP_0006,META,2025,0.130931,0.380266,1672604205980.88
COMP_0006,META,2026,-0.150102,0.405931,1421542459262.33
COMP_0007,NVDA,2018,-0.308153,0.491824,80067367017.75
COMP_0007,NVDA,2019,0.769431,0.406456,141673652466.3
COMP_0007,NVDA,2020,1.222956,0.579121,314934304601.67
COMP_0007,NVDA,2021,1.254821,0.450773,710120444400.79
COMP_0007,NVDA,2022,-0.502646,0.632896,353180915083.89
COMP_0007,NVDA,2023,2.390172,0.484566,1197344102024.08
COMP_0007,NVDA,2024,1.712493,0.525106,3247787148803.71
COMP_0007,NVDA,2025,0.389165,0.496366,4511713407196.04
COMP_0007,NVDA,2026,0.061669,0.386525,4789944826950.07
COMP_0008,TSLA,2018,0.068894,0.586113,83326992949.33
COMP_0008,TSLA,2019,0.257001,0.489208,104742129201.0
COMP_0008,TSLA,2020,7.43437,0.894612,883433866621.28
COMP_0008,TSLA,2021,0.497556,0.547729,1322991327475.45
COMP_0008,TSLA,2022,-0.650315,0.653322,462630067575.94
COMP_0008,TSLA,2023,1.017211,0.526488,933222251419.9
COMP_0008,TSLA,2024,0.625241,0.636218,1516711514310.77
COMP_0008,TSLA,2025,0.113609,0.633076,1689024143850.74
COMP_0008,TSLA,2026,-0.163969,0.407893,1412077102280.19
COMP_0010,JPM,2018,-0.066238,0.221379,212916325771.84
COMP_0010,JPM,2019,0.47257,0.186923,313534297759.58
COMP_0010,JPM,2020,-0.055348,0.544426,296180928769.03
COMP_0010,JPM,2021,0.277458,0.213818,378358615696.64
COMP_0010,JPM,2022,-0.126412,0.298538,330529381860.05
COMP_0010,JPM,2023,0.306267,0.207768,431759623188.07
COMP_0010,JPM,2024,0.442881,0.235186,622977941262.4
COMP_0010,JPM,2025,0.372663,0.249001,855138740785.78
COMP_0010,JPM,2026,0.044981,0.24623,893603647262.36
COMP_0011,V,2018,0.164876,0.253574,237981591814.44
COMP_0011,V,2019,0.43327,0.180457,341091923071.38
COMP_0011,V,2020,0.171242,0.427412,399501191166.47
COMP_0011,V,2021,-0.003149,0.241707,398243073426.71
COMP_0011,V,2022,-0.034048,0.309449,384683892011.62
COMP_0011,V,2023,0.26308,0.155831,485886574242.98
COMP_0011,V,2024,0.223183,0.169052,594328250517.0
COMP_0011,V,2025,0.117583,0.225753,664211067212.59
COMP_0011,V,2026,-0.046123,0.246048,633575453367.54
COMP_0012,UNH,2018,0.145239,0.231451,199049855254.05
COMP_0012,UNH,2019,0.200031,0.252088,238865923465.78
COMP_0012,UNH,2020,0.212502,0.481284,289625314660.53
COMP_0012,UNH,2021,0.452037,0.191701,420546657847.93
COMP_0012,UNH,2022,0.069363,0.244214,449716999958.04
COMP_0012,UNH,2023,0.007952,0.211068,453293206549.94
COMP_0012,UNH,2024,-0.024104,0.27245,442367177332.42
COMP_0012,UNH,2025,-0.331357,0.475551,295785525762.8
COMP_0012,UNH,2026,0.241713,0.428575,367280834658.27
COMP_0013,MA,2018,0.253129,0.284544,159758812749.67
COMP_0013,MA,2019,0.59158,0.213719,254268943210.85
COMP_0013,MA,2020,0.201863,0.489909,305596460936.21
COMP_0013,MA,2021,0.011606,0.284459,309143200182.3
COMP_0013,MA,2022,-0.026585,0.3232,300924478945.09
COMP_0013,MA,2023,0.234039,0.172064,371352540606.29
COMP_0013,MA,2024,0.241743,0.158594,461124530843.06
COMP_0013,MA,2025,0.090377,0.227866,502799768613.34
COMP_0013,MA,2026,-0.127504,0.248315,438690539540.2
COMP_0014,HD,2018,-0.072955,0.226976,142229133711.3
COMP_0014,HD,2019,0.305598,0.182028,185694100464.24
COMP_0014,HD,2020,0.245017,0.435997,231192235236.77
COMP_0014,HD,2021,0.59506,0.200995,368765535749.39
COMP_0014,HD,2022,-0.219762,0.313527,287724853076.17
COMP_0014,HD,2023,0.127694,0.215214,324465657223.92
COMP_0014,HD,2024,0.149957,0.205269,373121683167.96
COMP_0014,HD,2025,-0.093347,0.231988,338291796177.08
COMP_0014,HD,2026,0.008445,0.277613,341148525733.54
COMP_0015,PG,2018,0.035695,0.1938,176686018381.61
COMP_0015,PG,2019,0.397005,0.164958,246831225181.0
COMP_0015,PG,2020,0.141525,0.324997,281764118327.06
COMP_0015,PG,2021,0.20522,0.144052,339587872088.48
COMP_0015,PG,2022,-0.050479,0.21994,322445651371.07
COMP_0015,PG,2023,-0.008577,0.149282,319680084768.69
COMP_0015,PG,2024,0.172538,0.149487,374837032011.63
COMP_0015,PG,2025,-0.122599,0.189365,328882378480.74
COMP_0015,PG,2026,0.082088,0.218745,355879786071.53
COMP_0018,AVGO,2018,0.03622,0.353062,99860935764.15
COMP_0018,AVGO,2019,0.290516,0.296371,128872158688.88
COMP_0018,AVGO,2020,0.4488,0.512735,186710013824.08
COMP_0018,AVGO,2021,0.564849,0.284197,292172999182.45
COMP_0018,AVGO,2022,-0.132697,0.37373,253402597137.09
COMP_0018,AVGO,2023,1.041843,0.32167,517408225734.29
COMP_0018,AVGO,2024,1.104929,0.539318,1089107645846.89
COMP_0018,AVGO,2025,0.50633,0.531705,1640555154274.21
COMP_0018,AVGO,2026,0.103356,0.481646,1810116543740.65
COMP_0019,LLY,2018,0.404548,0.225398,93565221366.76
COMP_0019,LLY,2019,0.1614,0.207017,108666614976.17
COMP_0019,LLY,2020,0.310399,0.42669,142396581260.91
COMP_0019,LLY,2021,0.660781,0.316482,236489586832.62
COMP_0019,LLY,2022,0.342554,0.272569,317499972018.18
COMP_0019,LLY,2023,0.60909,0.288923,510886075418.77
COMP_0019,LLY,2024,0.333011,0.302966,681016717904.05
COMP_0019,LLY,2025,0.402456,0.404451,955095757652.89
COMP_0019,LLY,2026,0.03891,0.395605,992258471159.08
COMP_0020,CVX,2018,-0.097474,0.241828,156343719208.61
COMP_0020,CVX,2019,0.152737,0.183681,180223138902.31
COMP_0020,CVX,2020,-0.259521,0.611429,133451407021.18
COMP_0020,CVX,2021,0.462413,0.24552,195161124741.51
COMP_0020,CVX,2022,0.584623,0.329552,309256904030.4
COMP_0020,CVX,2023,-0.136327,0.229922,267096789389.09
COMP_0020,CVX,2024,0.012871,0.192636,270534617224.63
COMP_0020,CVX,2025,0.101044,0.242782,297870584605.61
COMP_0020,CVX,2026,0.147906,0.265472,341927451756.12
COMP_0021,MRK,2018,0.399539,0.199863,142873148626.58
COMP_0021,MRK,2019,0.222714,0.183928,174693044572.1
COMP_0021,MRK,2020,-0.072048,0.318873,162106742321.99
COMP_0021,MRK,2021,0.017549,0.235301,164951491178.41
COMP_0021,MRK,2022,0.494214,0.199699,246472844244.45
COMP_0021,MRK,2023,0.010099,0.188584,248961888789.63
COMP_0021,MRK,2024,-0.062601,0.20844,233376718619.62
COMP_0021,MRK,2025,0.097881,0.303999,256219786811.9
COMP_0021,MRK,2026,0.167389,0.264524,299108094069.61
COMP_0022,PEP,2018,-0.048129,0.184235,119806422835.55
COMP_0022,PEP,2019,0.273759,0.138883,152604537726.83
COMP_0022,PEP,2020,0.116717,0.3659,170416152286.73
COMP_0022,PEP,2021,0.205564,0.145354,205447643808.79
COMP_0022,PEP,2022,0.067835,0.194977,219384117557.67
COMP_0022,PEP,2023,-0.032904,0.150314,212165586316.89
COMP_0022,PEP,2024,-0.076016,0.162807,196037576812.13
COMP_0022,PEP,2025,-0.018445,0.227412,192421678391.04
COMP_0022,PEP,2026,0.014861,0.215991,195281187237.07
COMP_0023,COST,2018,0.105993,0.223551,81561900505.94
COMP_0023,COST,2019,0.457007,0.160932,118836268267.73
COMP_0023,COST,2020,0.326663,0.291836,157655713313.47
COMP_0023,COST,2021,0.518212,0.189588,239354746051.51
COMP_0023,COST,2022,-0.190498,0.314322,193758146921.96
COMP_0023,COST,2023,0.490039,0.191236,288707137505.83
COMP_0023,COST,2024,0.396226,0.188128,403100524461.93
COMP_0023,COST,2025,-0.053947,0.216419,381354444946.43
COMP_0023,COST,2026,0.122017,0.208614,427886101161.19
COMP_0024,ABBV,2018,-0.009565,0.352222,118266770307.85
COMP_0024,ABBV,2019,0.014682,0.270754,120003126283.53
COMP_0024,ABBV,2020,0.277183,0.349327,153265920811.44
COMP_0024,ABBV,2021,0.32426,0.200916,202963951313.88
COMP_0024,ABBV,2022,0.240077,0.22429,251690954789.59
COMP_0024,ABBV,2023,-0.002348,0.196153,251099903065.24
COMP_0024,ABBV,2024,0.18859,0.236615,298454943496.87
COMP_0024,ABBV,2025,0.330778,0.25894,397177350036.86
COMP_0024,ABBV,2026,0.0447,0.277931,414931304795.5
COMP_0025,WMT,2018,-0.03432,0.240342,221687849521.79
COMP_0025,WMT,2019,0.30163,0.143964,288555565299.49
COMP_0025,WMT,2020,0.233224,0.315596,355853676841.42
COMP_0025,WMT,2021,0.019708,0.166695,362866904099.68
COMP_0025,WMT,2022,-0.004639,0.267699,361183723486.16
COMP_0025,WMT,2023,0.128814,0.156262,407709331043.57
COMP_0025,WMT,2024,0.739923,0.177033,709382867442.85
COMP_0025,WMT,2025,0.244897,0.251427,883108417836.76
COMP_0025,WMT,2026,0.079345,0.267103,953178942933.19
COMP_0027,CSCO,2018,0.165716,0.264798,137072011762.29
COMP_0027,CSCO,2019,0.138126,0.244539,156005208829.01
COMP_0027,CSCO,2020,-0.034865,0.419357,150566145064.44
COMP_0027,CSCO,2021,0.457614,0.191961,219467247561.39
COMP_0027,CSCO,2022,-0.224627,0.293425,170168897675.07
COMP_0027,CSCO,2023,0.092959,0.203884,185987666120.47
COMP_0027,CSCO,2024,0.209956,0.180563,225036923672.36
COMP_0027,CSCO,2025,0.334737,0.237867,300365154968.53
COMP_0027,CSCO,2026,0.568555,0.396641,471139407114.74
COMP_0028,MCD,2018,0.057791,0.207707,105910115692.42
COMP_0028,MCD,2019,0.139715,0.150059,120707308720.36
COMP_0028,MCD,2020,0.112968,0.401165,134343338120.34
COMP_0028,MCD,2021,0.277881,0.151841,171674839827.68
COMP_0028,MCD,2022,0.005081,0.19828,172547154462.7
COMP_0028,MCD,2023,0.15062,0.139667,198536256683.94
COMP_0028,MCD,2024,0.001366,0.17854,198807466623.04
COMP_0028,MCD,2025,0.078887,0.185416,214490873036.49
COMP_0028,MCD,2026,-0.088311,0.178435,195548979379.86
COMP_0029,ACN,2018,-0.062287,0.232748,77407628096.2
COMP_0029,ACN,2019,0.512136,0.168881,117050885238.19
COMP_0029,ACN,2020,0.260404,0.417937,147531356031.15
COMP_0029,ACN,2021,0.606654,0.196686,237031820558.03
COMP_0029,ACN,2022,-0.347532,0.331499,154655566343.34
COMP_0029,ACN,2023,0.335951,0.218359,206612220898.62
COMP_0029,ACN,2024,0.018624,0.248186,210460109443.81
COMP_0029,ACN,2025,-0.22644,0.281971,162803436956.24
COMP_0029,ACN,2026,-0.508671,0.512742,79990010536.94
COMP_0030,TMO,2018,0.182101,0.228955,81505440049.02
COMP_0030,TMO,2019,0.455499,0.225178,118631102593.55
COMP_0030,TMO,2020,0.437196,0.372454,170496124374.93
COMP_0030,TMO,2021,0.435395,0.237849,244729337907.6
COMP_0030,TMO,2022,-0.172851,0.321964,202427660195.7
COMP_0030,TMO,2023,-0.033557,0.227341,195634817203.69
COMP_0030,TMO,2024,-0.017228,0.199478,192264366568.12
COMP_0030,TMO,2025,0.117773,0.3231,214907962849.93
COMP_0030,TMO,2026,-0.150862,0.328426,182486575773.74
COMP_0031,ABT,2018,0.290618,0.223524,110216678467.39
COMP_0031,ABT,2019,0.220802,0.194902,134552793730.96
COMP_0031,ABT,2020,0.280407,0.393,172282346771.46
COMP_0031,ABT,2021,0.305283,0.212312,224877284786.57
COMP_0031,ABT,2022,-0.206819,0.266977,178368433718.09
COMP_0031,ABT,2023,0.022606,0.198653,182400655688.19
COMP_0031,ABT,2024,0.048126,0.179588,191178890597.8
COMP_0031,ABT,2025,0.128672,0.221585,215778174171.88
COMP_0031,ABT,2026,-0.262843,0.283009,159062376691.72
COMP_0032,DHR,2018,0.118045,0.210515,62600878834.95
COMP_0032,DHR,2019,0.495538,0.20372,93622007724.11
COMP_0032,DHR,2020,0.453364,0.335742,136066894292.33
COMP_0032,DHR,2021,0.485661,0.235581,202149339133.2
COMP_0032,DHR,2022,-0.190209,0.339652,163698730006.33
COMP_0032,DHR,2023,-0.012393,0.242709,161670088494.53
COMP_0032,DHR,2024,-0.003458,0.222197,161111073248.03
COMP_0032,DHR,2025,0.00352,0.329169,161678209886.01
COMP_0032,DHR,2026,-0.172361,0.292141,133811113012.66
COMP_0033,LIN,2018,0.030117,0.245919,64542741946.69
COMP_0033,LIN,2019,0.39042,0.19339,89741488705.46
COMP_0033,LIN,2020,0.258789,0.390394,112965594238.43
COMP_0033,LIN,2021,0.333907,0.189702,150685631185.25
COMP_0033,LIN,2022,-0.043937,0.296091,144064941307.2
COMP_0033,LIN,2023,0.276568,0.197543,183908759221.85
COMP_0033,LIN,2024,0.031814,0.145227,189759679207.19
COMP_0033,LIN,2025,0.032153,0.191874,195860947957.22
COMP_0033,LIN,2026,0.224945,0.190276,239918944209.65
COMP_0034,WFC,2018,-0.218292,0.234745,114930028491.18
COMP_0034,WFC,2019,0.214411,0.197664,139572314591.31
COMP_0034,WFC,2020,-0.416481,0.613596,81443084525.7
COMP_0034,WFC,2021,0.61146,0.336701,131242233267.46
COMP_0034,WFC,2022,-0.119226,0.335901,115594810485.49
COMP_0034,WFC,2023,0.229364,0.27721,142108109965.06
COMP_0034,WFC,2024,0.464781,0.288096,208157207659.69
COMP_0034,WFC,2025,0.355713,0.291433,282201339915.07
COMP_0034,WFC,2026,-0.085092,0.288519,258188196013.84
COMP_0035,BAC,2018,-0.149966,0.246908,145974607068.06
COMP_0035,BAC,2019,0.461902,0.2318,213400542691.13
COMP_0035,BAC,2020,-0.116329,0.587051,188575808050.02
COMP_0035,BAC,2021,0.49609,0.255747,282126376620.42
COMP_0035,BAC,2022,-0.238229,0.323051,214915576975.68
COMP_0035,BAC,2023,0.04826,0.268957,225287299545.94
COMP_0035,BAC,2024,0.338533,0.227653,301554560466.48
COMP_0035,BAC,2025,0.280406,0.267632,386112231279.03
COMP_0035,BAC,2026,0.061882,0.238026,410005535690.06
COMP_0036,DIS,2018,0.036078,0.206784,183781604949.89
COMP_0036,DIS,2019,0.335135,0.22596,245373282543.39
COMP_0036,DIS,2020,0.252713,0.490541,307382421341.2
COMP_0036,DIS,2021,-0.145104,0.248152,262779917678.8
COMP_0036,DIS,2022,-0.439086,0.37112,147397005936.61
COMP_0036,DIS,2023,0.042637,0.264322,153681499497.55
COMP_0036,DIS,2024,0.244428,0.258729,191245522464.83
COMP_0036,DIS,2025,0.033033,0.298582,197562898879.13
COMP_0036,DIS,2026,-0.099675,0.280933,177870865690.26
COMP_0037,INTU,2018,0.258584,0.280109,51130124051.06
COMP_0037,INTU,2019,0.341135,0.242275,68572398512.05
COMP_0037,INTU,2020,0.461222,0.474105,100199496408.23
COMP_0037,INTU,2021,0.702651,0.294352,170604796503.85
COMP_0037,INTU,2022,-0.391198,0.480653,103864498197.42
COMP_0037,INTU,2023,0.617566,0.29249,168007697587.46
COMP_0037,INTU,2024,0.011563,0.280347,169950321165.89
COMP_0037,INTU,2025,0.060934,0.305619,180306060680.79
COMP_0037,INTU,2026,-0.594199,0.60063,73168409458.74
COMP_0038,VZ,2018,0.112577,0.203653,154862481010.41
COMP_0038,VZ,2019,0.138365,0.158667,176289967859.23
COMP_0038,VZ,2020,-0.001309,0.245929,176059132136.41
COMP_0038,VZ,2021,-0.075489,0.142981,162768684159.56
COMP_0038,VZ,2022,-0.200216,0.226519,130179711907.94
COMP_0038,VZ,2023,0.027132,0.229668,133711799515.65
COMP_0038,VZ,2024,0.131426,0.210183,151285005161.44
COMP_0038,VZ,2025,0.088628,0.21122,164693037274.78
COMP_0038,VZ,2026,0.16269,0.274363,191486960895.95
COMP_0039,CMCSA,2018,-0.127108,0.279728,93347330294.65
COMP_0039,CMCSA,2019,0.340425,0.191097,125125132540.79
COMP_0039,CMCSA,2020,0.191344,0.382707,149067133764.62
COMP_0039,CMCSA,2021,-0.022217,0.242301,145755302987.07
COMP_0039,CMCSA,2022,-0.28678,0.298335,103955552093.89
COMP_0039,CMCSA,2023,0.290768,0.23987,134182530147.81
COMP_0039,CMCSA,2024,-0.118404,0.240672,118294845231.86
COMP_0039,CMCSA,2025,-0.173482,0.272442,97772859304.44
COMP_0039,CMCSA,2026,-0.169537,0.33188,81196753465.37
COMP_0040,TXN,2018,-0.071695,0.308459,69691914971.26
COMP_0040,TXN,2019,0.395635,0.268255,97264458947.71
COMP_0040,TXN,2020,0.317013,0.431781,128098546019.74
COMP_0040,TXN,2021,0.175309,0.266478,150555435587.9
COMP_0040,TXN,2022,-0.098574,0.320923,135714546223.73
COMP_0040,TXN,2023,0.06409,0.240061,144412489778.53
COMP_0040,TXN,2024,0.131365,0.27359,163383180701.08
COMP_0040,TXN,2025,-0.04473,0.401396,156075053378.82
COMP_0040,TXN,2026,0.768696,0.505417,276049352031.84
COMP_0042,NFLX,2018,0.394353,0.462917,112706236548.78
COMP_0042,NFLX,2019,0.208884,0.346902,136248801416.82
COMP_0042,NFLX,2020,0.671138,0.462677,227690516643.25
COMP_0042,NFLX,2021,0.114123,0.319196,253675344336.27
COMP_0042,NFLX,2022,-0.510524,0.702004,124168030656.01
COMP_0042,NFLX,2023,0.651112,0.37586,205015357574.73
COMP_0042,NFLX,2024,0.830677,0.295085,375316910332.11
COMP_0042,NFLX,2025,0.051923,0.340111,394804478980.52
COMP_0042,NFLX,2026,-0.224776,0.373271,306061880727.41
COMP_0043,NEE,2018,0.143038,0.168319,75227911921.83
COMP_0043,NEE,2019,0.426858,0.142251,107339570528.75
COMP_0043,NEE,2020,0.300644,0.416041,139610539139.67
COMP_0043,NEE,2021,0.233926,0.216789,172269042223.97
COMP_0043,NEE,2022,-0.085441,0.311233,157550258567.34
COMP_0043,NEE,2023,-0.25293,0.283501,117701061683.34
COMP_0043,NEE,2024,0.214646,0.25363,142965071274.44
COMP_0043,NEE,2025,0.154752,0.279475,165089271947.81
COMP_0043,NEE,2026,0.102057,0.243598,181937784678.08
COMP_0044,PM,2018,-0.332961,0.277534,71718939321.63
COMP_0044,PM,2019,0.350213,0.243017,96835854974.25
COMP_0044,PM,2020,0.036904,0.39185,100409504412.58
COMP_0044,PM,2021,0.207764,0.173985,121270972476.91
COMP_0044,PM,2022,0.123082,0.249472,136197224622.12
COMP_0044,PM,2023,-0.018542,0.164874,133671843703.9
COMP_0044,PM,2024,0.343354,0.199936,179568590719.22
COMP_0044,PM,2025,0.379868,0.265159,247780915327.67
COMP_0044,PM,2026,0.123972,0.312156,278498883996.82
COMP_0046,RTX,2018,-0.146573,0.224025,75925972011.54
COMP_0046,RTX,2019,0.438213,0.20773,109197715012.22
COMP_0046,RTX,2020,-0.219539,0.575357,85224598538.82
COMP_0046,RTX,2021,0.232665,0.225771,105053338682.02
COMP_0046,RTX,2022,0.200139,0.260379,126078653573.39
COMP_0046,RTX,2023,-0.144383,0.23861,107875032533.99
COMP_0046,RTX,2024,0.407619,0.177479,151846991772.31
COMP_0046,RTX,2025,0.614408,0.272615,245142988479.96
COMP_0046,RTX,2026,0.026014,0.274244,251520069601.21
COMP_0047,HON,2018,-0.082663,0.193404,67533425960.51
COMP_0047,HON,2019,0.366951,0.173456,92314913348.02
COMP_0047,HON,2020,0.229728,0.453194,113522201111.18
COMP_0047,HON,2021,-0.002948,0.188995,113187545322.68
COMP_0047,HON,2022,0.049028,0.249964,118736892847.47
COMP_0047,HON,2023,0.000189,0.183452,118759392096.86
COMP_0047,HON,2024,0.100156,0.18014,130653866356.43
COMP_0047,HON,2025,-0.063661,0.247898,122336337654.53
COMP_0047,HON,2026,0.180197,0.282687,144381028722.49
COMP_0048,AMGN,2018,0.152331,0.237897,83553793050.99
COMP_0048,AMGN,2019,0.276011,0.209101,106615558234.31
COMP_0048,AMGN,2020,-0.01989,0.383851,104494986317.52
COMP_0048,AMGN,2021,0.008741,0.199561,105408404030.09
COMP_0048,AMGN,2022,0.204319,0.217742,126945346751.11
COMP_0048,AMGN,2023,0.134643,0.20766,144037676212.2
COMP_0048,AMGN,2024,-0.067719,0.256017,134283554336.2
COMP_0048,AMGN,2025,0.29667,0.275636,174121421899.11
COMP_0048,AMGN,2026,0.094007,0.284993,190490041896.54
COMP_0049,LOW,2018,0.012168,0.28979,45090754464.69
COMP_0049,LOW,2019,0.322343,0.261526,59625452073.06
COMP_0049,LOW,2020,0.364006,0.508456,81329488544.38
COMP_0049,LOW,2021,0.633435,0.241499,132846467083.93
COMP_0049,LOW,2022,-0.214854,0.333877,104303846960.49
COMP_0049,LOW,2023,0.140344,0.235918,118942265446.82
COMP_0049,LOW,2024,0.130072,0.220722,134413368454.1
COMP_0049,LOW,2025,-0.00328,0.241571,133972458471.03
COMP_0049,LOW,2026,-0.072383,0.307575,124275108225.01
COMP_0050,UPS,2018,-0.15476,0.25019,61157138550.88
COMP_0050,UPS,2019,0.242363,0.242717,75979388927.31
COMP_0050,UPS,2020,0.486432,0.412729,112938228989.53
COMP_0050,UPS,2021,0.30019,0.244929,146841178710.55
COMP_0050,UPS,2022,-0.162111,0.318205,123036606046.0
COMP_0050,UPS,2023,-0.059581,0.233175,115705937422.89
COMP_0050,UPS,2024,-0.159306,0.266808,97273248541.42
COMP_0050,UPS,2025,-0.159337,0.326915,81774064453.55
COMP_0050,UPS,2026,0.093058,0.319437,89383771087.62
COMP_0051,ORCL,2018,-0.029696,0.254902,116494594259.16
COMP_0051,ORCL,2019,0.193433,0.19865,139028491289.99
COMP_0051,ORCL,2020,0.242509,0.406488,172744123928.04
COMP_0051,ORCL,2021,0.368894,0.292677,236468446393.75
COMP_0051,ORCL,2022,-0.04646,0.305845,225482233480.06
COMP_0051,ORCL,2023,0.309416,0.301711,295250057576.23
COMP_0051,ORCL,2024,0.599904,0.32291,472371619692.86
COMP_0051,ORCL,2025,0.181281,0.618195,558003527061.22
COMP_0051,ORCL,2026,-0.192673,0.617026,450491274351.7
COMP_0052,IBM,2018,-0.22558,0.246515,74318650565.27
COMP_0052,IBM,2019,0.235761,0.205764,91840090739.36
COMP_0052,IBM,2020,-0.011626,0.409323,90772358057.5
COMP_0052,IBM,2021,0.166528,0.228583,105888533187.84
COMP_0052,IBM,2022,0.10637,0.238464,117151868496.87
COMP_0052,IBM,2023,0.218488,0.158041,142748145983.4
COMP_0052,IBM,2024,0.392705,0.234021,198805986933.86
COMP_0052,IBM,2025,0.382265,0.30221,274802544117.81
COMP_0052,IBM,2026,-0.097216,0.516398,248087406461.87
COMP_0053,CAT,2018,-0.175581,0.326597,50026452273.57
COMP_0053,CAT,2019,0.195136,0.269572,59788411061.58
COMP_0053,CAT,2020,0.269659,0.449197,75910922625.94
COMP_0053,CAT,2021,0.159537,0.255895,88021492196.04
COMP_0053,CAT,2022,0.185988,0.336404,104392460300.05
COMP_0053,CAT,2023,0.259488,0.286657,131481047384.47
COMP_0053,CAT,2024,0.246586,0.260614,163902489274.74
COMP_0053,CAT,2025,0.603046,0.320432,262743212372.72
COMP_0053,CAT,2026,0.724035,0.409119,452978384027.1
COMP_0054,GS,2018,-0.335252,0.257004,41467223692.94
COMP_0054,GS,2019,0.40479,0.235252,58252730013.3
COMP_0054,GS,2020,0.174537,0.52291,68420006648.21
COMP_0054,GS,2021,0.476112,0.252554,100995621324.6
COMP_0054,GS,2022,-0.07871,0.294564,93046239074.02
COMP_0054,GS,2023,0.159056,0.241259,107845775026.55
COMP_0054,GS,2024,0.520313,0.258044,163959323115.3
COMP_0054,GS,2025,0.566377,0.312517,256822109851.13
COMP_0054,GS,2026,0.240108,0.332409,318487087565.78
COMP_0055,BA,2018,0.115017,0.314226,247032053783.03
COMP_0055,BA,2019,0.033382,0.29028,255278555484.11
COMP_0055,BA,2020,-0.338981,0.875791,168743995049.29
COMP_0055,BA,2021,-0.059516,0.355995,158701031050.62
COMP_0055,BA,2022,-0.053795,0.46759,150163715362.46
COMP_0055,BA,2023,0.368366,0.271315,205478888485.31
COMP_0055,BA,2024,-0.320955,0.341655,139529512587.0
COMP_0055,BA,2025,0.226667,0.37636,171156198257.59
COMP_0055,BA,2026,0.02114,0.340711,174774515098.57
COMP_0056,SPGI,2018,0.013737,0.237009,47165962280.27
COMP_0056,SPGI,2019,0.622667,0.196494,76534662597.66
COMP_0056,SPGI,2020,0.213964,0.466548,92910288085.94
COMP_0056,SPGI,2021,0.446841,0.210926,134426437988.28
COMP_0056,SPGI,2022,-0.283848,0.305441,96269727294.92
COMP_0056,SPGI,2023,0.32795,0.220204,127841341308.59
COMP_0056,SPGI,2024,0.139353,0.159234,145656452880.86
COMP_0056,SPGI,2025,0.057073,0.238271,153969520019.53
COMP_0056,SPGI,2026,-0.223923,0.346345,119492240722.66
COMP_0057,DE,2018,-0.028958,0.31426,36306361240.92
COMP_0057,DE,2019,0.182955,0.260381,42948780029.64
COMP_0057,DE,2020,0.579576,0.455947,67840873336.16
COMP_0057,DE,2021,0.288591,0.299527,87419154355.45
COMP_0057,DE,2022,0.265872,0.351618,110661452035.95
COMP_0057,DE,2023,-0.0548,0.271854,104597152252.97
COMP_0057,DE,2024,0.075554,0.235715,112499873522.23
COMP_0057,DE,2025,0.113853,0.276794,125308267590.39
COMP_0057,DE,2026,0.31093,0.362973,164270416688.62
COMP_0061,AMD,2018,0.79572,0.628704,30100886303.08
COMP_0061,AMD,2019,1.484291,0.539273,74779346299.78
COMP_0061,AMD,2020,0.999782,0.608559,149542383109.83
COMP_0061,AMD,2021,0.569076,0.426119,234643421999.7
COMP_0061,AMD,2022,-0.549896,0.610523,105613997914.21
COMP_0061,AMD,2023,1.2759,0.469396,240366846166.43
COMP_0061,AMD,2024,-0.180585,0.475991,196960252677.67
COMP_0061,AMD,2025,0.772994,0.60731,349209438819.68
COMP_0061,AMD,2026,1.388401,0.745852,834052226848.5
COMP_0062,BLK,2018,-0.216006,0.265849,50612723230.93
COMP_0062,BLK,2019,0.318654,0.205102,66740652590.59
COMP_0062,BLK,2020,0.472052,0.478634,98245681532.38
COMP_0062,BLK,2021,0.293915,0.225905,127121600593.26
COMP_0062,BLK,2022,-0.20397,0.3686,101192654418.64
COMP_0062,BLK,2023,0.178621,0.221464,119267759386.49
COMP_0062,BLK,2024,0.292915,0.179151,154203128817.07
COMP_0062,BLK,2025,0.065526,0.276917,164307370178.34
COMP_0062,BLK,2026,-0.063139,0.300647,153933127414.2
COMP_0063,SYK,2018,0.02435,0.222319,55639085485.49
COMP_0063,SYK,2019,0.353288,0.216312,75295689781.21
COMP_0063,SYK,2020,0.181671,0.490801,88974736013.8
COMP_0063,SYK,2021,0.102246,0.209939,98072049047.56
COMP_0063,SYK,2022,-0.07419,0.313906,90796109106.77
COMP_0063,SYK,2023,0.237998,0.234437,112405381238.86
COMP_0063,SYK,2024,0.213422,0.1876,136395156637.8
COMP_0063,SYK,2025,-0.014802,0.217121,134376206745.86
COMP_0063,SYK,2026,-0.097802,0.277188,121234003631.12
COMP_0064,ADBE,2018,0.291029,0.355216,89930402183.53
COMP_0064,ADBE,2019,0.457788,0.238529,131099474029.54
COMP_0064,ADBE,2020,0.516388,0.479922,198797698059.08
COMP_0064,ADBE,2021,0.133848,0.292368,225406349029.54
COMP_0064,ADBE,2022,-0.406535,0.451504,133770674514.77
COMP_0064,ADBE,2023,0.772799,0.318451,237148490295.41
COMP_0064,ADBE,2024,-0.254643,0.366081,176760297088.62
COMP_0064,ADBE,2025,-0.21294,0.306704,139121021118.16
COMP_0064,ADBE,2026,-0.433212,0.421089,78852073059.08
COMP_0065,GILD,2018,-0.099199,0.274928,58592205050.66
COMP_0065,GILD,2019,0.078806,0.212175,63209643499.38
COMP_0065,GILD,2020,-0.067004,0.375636,58974346412.98
COMP_0065,GILD,2021,0.29955,0.188733,76640094863.06
COMP_0065,GILD,2022,0.236296,0.254233,94749820675.05
COMP_0065,GILD,2023,-0.019928,0.202686,92861634557.24
COMP_0065,GILD,2024,0.186825,0.247098,110210516135.37
COMP_0065,GILD,2025,0.365935,0.278293,150540356694.93
COMP_0065,GILD,2026,0.038268,0.274285,156301230680.07
COMP_0067,ADP,2018,0.142548,0.228068,44486947063.94
COMP_0067,ADP,2019,0.327077,0.181698,59037611009.05
COMP_0067,ADP,2020,0.058567,0.445917,62495267412.33
COMP_0067,ADP,2021,0.426015,0.187867,89119219887.81
COMP_0067,ADP,2022,-0.012869,0.283305,87972319920.66
COMP_0067,ADP,2023,-0.002491,0.209817,87753160184.23
COMP_0067,ADP,2024,0.2841,0.152371,112683871763.8
COMP_0067,ADP,2025,-0.101796,0.199422,101213145944.78
COMP_0067,ADP,2026,-0.125655,0.300505,88495171824.76
COMP_0068,TGT,2018,0.046705,0.281082,24338467918.08
COMP_0068,TGT,2019,1.001728,0.33305,48718989542.03
COMP_0068,TGT,2020,0.40472,0.375226,68436543172.67
COMP_0068,TGT,2021,0.329055,0.236443,90955921491.42
COMP_0068,TGT,2022,-0.342406,0.462589,59812089058.23
COMP_0068,TGT,2023,-0.013502,0.310795,59004481873.29
COMP_0068,TGT,2024,-0.022677,0.371794,57666445641.05
COMP_0068,TGT,2025,-0.244988,0.341681,43538833042.8
COMP_0068,TGT,2026,0.464633,0.319478,63768429352.64
COMP_0069,ISRG,2018,0.312325,0.333356,56538555880.72
COMP_0069,ISRG,2019,0.23434,0.278238,69787789096.92
COMP_0069,ISRG,2020,0.383913,0.456333,96580211336.68
COMP_0069,ISRG,2021,0.317565,0.276565,127250704807.32
COMP_0069,ISRG,2022,-0.261481,0.440185,93977112286.34
COMP_0069,ISRG,2023,0.271377,0.288949,119480371189.19
COMP_0069,ISRG,2024,0.54719,0.266599,184858844792.22
COMP_0069,ISRG,2025,0.085064,0.361835,200583662007.19
COMP_0069,ISRG,2026,-0.287088,0.300066,142998565088.06
COMP_0070,BKNG,2018,-0.008816,0.250079,52276183567.55
COMP_0070,BKNG,2019,0.192352,0.251364,62331589818.54
COMP_0070,BKNG,2020,0.0845,0.522688,67598595897.92
COMP_0070,BKNG,2021,0.077207,0.332738,72817656847.02
COMP_0070,BKNG,2022,-0.16003,0.425429,61164613624.14
COMP_0070,BKNG,2023,0.760162,0.249525,107659649054.34
COMP_0070,BKNG,2024,0.413071,0.262369,152130690564.36
COMP_0070,BKNG,2025,0.085883,0.285016,165196087364.79
COMP_0070,BKNG,2026,-0.134292,0.421498,143011562256.37
COMP_0072,CI,2018,-0.06463,0.270733,45426324135.96
COMP_0072,CI,2019,0.076979,0.301875,48923216798.88
COMP_0072,CI,2020,0.018253,0.535121,49816219521.03
COMP_0072,CI,2021,0.122898,0.257893,55938556736.5
COMP_0072,CI,2022,0.466781,0.263534,82049623729.22
COMP_0072,CI,2023,-0.079729,0.306931,75507871711.17
COMP_0072,CI,2024,-0.062688,0.236194,70774446673.58
COMP_0072,CI,2025,0.017191,0.333864,71991135888.79
COMP_0072,CI,2026,0.023793,0.27518,73704017110.82
COMP_0074,REGN,2018,-0.006543,0.322377,38836609663.23
COMP_0074,REGN,2019,0.005301,0.290632,39042496398.72
COMP_0074,REGN,2020,0.286646,0.432694,50233877497.58
COMP_0074,REGN,2021,0.307197,0.26153,65665592392.58
COMP_0074,REGN,2022,0.142466,0.337615,75020690714.78
COMP_0074,REGN,2023,0.217328,0.241093,91324785502.92
COMP_0074,REGN,2024,-0.188958,0.216883,74068232204.33
COMP_0074,REGN,2025,0.089594,0.415096,80704336886.42
COMP_0074,REGN,2026,-0.186262,0.312986,65672215219.62
COMP_0075,LMT,2018,-0.163459,0.2392,49427288070.41
COMP_0075,LMT,2019,0.525466,0.164993,75399661433.1
COMP_0075,LMT,2020,-0.064933,0.411854,70503702884.56
COMP_0075,LMT,2021,0.031516,0.19582,72725706181.22
COMP_0075,LMT,2022,0.404757,0.264831,102161941016.6
COMP_0075,LMT,2023,-0.043086,0.18069,97760158917.05
COMP_0075,LMT,2024,0.100216,0.170069,107557282833.89
COMP_0075,LMT,2025,0.024669,0.264118,110210579676.57
COMP_0075,LMT,2026,0.03956,0.299792,114570517239.47
COMP_0076,MO,2018,-0.271423,0.239485,46397599648.0
COMP_0076,MO,2019,0.0787,0.246433,50049104406.45
COMP_0076,MO,2020,-0.102115,0.363596,44938339930.91
COMP_0076,MO,2021,0.241848,0.211774,55806596282.33
COMP_0076,MO,2022,0.043726,0.249177,58246795430.51
COMP_0076,MO,2023,-0.036972,0.171676,56093271221.48
COMP_0076,MO,2024,0.407572,0.17619,78955328480.78
COMP_0076,MO,2025,0.181729,0.198357,93303784067.39
COMP_0076,MO,2026,0.290936,0.262785,120449250194.06
COMP_0077,SO,2018,-0.03752,0.183963,36959942425.89
COMP_0077,SO,2019,0.516528,0.140083,56050805269.88
COMP_0077,SO,2020,0.006276,0.460455,56402605228.02
COMP_0077,SO,2021,0.163355,0.157858,65616243895.39
COMP_0077,SO,2022,0.082415,0.228036,71024007167.36
COMP_0077,SO,2023,0.022133,0.188668,72595964869.49
COMP_0077,SO,2024,0.21719,0.167906,88363086144.91
COMP_0077,SO,2025,0.094729,0.176933,96733601259.68
COMP_0077,SO,2026,0.10972,0.187451,107347245336.93
COMP_0078,ZTS,2018,0.194473,0.235177,33583510800.91
COMP_0078,ZTS,2019,0.557089,0.207356,52292531500.59
COMP_0078,ZTS,2020,0.257636,0.390989,65764978102.64
COMP_0078,ZTS,2021,0.482626,0.198711,97504876066.25
COMP_0078,ZTS,2022,-0.395053,0.318922,58985286175.69
COMP_0078,ZTS,2023,0.359061,0.250276,80164596534.48
COMP_0078,ZTS,2024,-0.166319,0.250178,66831733781.75
COMP_0078,ZTS,2025,-0.217504,0.291881,52295541248.36
COMP_0078,ZTS,2026,-0.374231,0.431154,32724945867.57
COMP_0079,CB,2018,-0.096339,0.189143,44351178151.2
COMP_0079,CB,2019,0.229378,0.161945,54524356468.28
COMP_0079,CB,2020,0.014104,0.48339,55293341682.71
COMP_0079,CB,2021,0.278486,0.236018,70691789149.99
COMP_0079,CB,2022,0.159708,0.22986,81981834836.21
COMP_0079,CB,2023,0.041961,0.203714,85421850250.53
COMP_0079,CB,2024,0.238863,0.172417,105826010681.91
COMP_0079,CB,2025,0.137028,0.202651,120327146966.16
COMP_0079,CB,2026,0.085489,0.189312,130613831889.88
COMP_0080,PGR,2018,0.093949,0.243703,27691227300.26
COMP_0080,PGR,2019,0.251351,0.217955,34651436029.05
COMP_0080,PGR,2020,0.414831,0.369605,49025928799.44
COMP_0080,PGR,2021,0.108391,0.202952,54339902976.99
COMP_0080,PGR,2022,0.26807,0.257723,68906802648.93
COMP_0080,PGR,2023,0.231579,0.299081,84864151669.31
COMP_0080,PGR,2024,0.513928,0.206863,128478239373.78
COMP_0080,PGR,2025,-0.030216,0.244915,124596192385.86
COMP_0080,PGR,2026,0.028133,0.243234,128101465289.31
COMP_0081,CL,2018,-0.191915,0.206364,39836966804.25
COMP_0081,CL,2019,0.18596,0.160561,47245067080.1
COMP_0081,CL,2020,0.271687,0.318001,60080937672.13
COMP_0081,CL,2021,0.020813,0.149737,61331410512.84
COMP_0081,CL,2022,-0.054404,0.202066,57994744654.53
COMP_0081,CL,2023,0.037828,0.164374,60188562011.01
COMP_0081,CL,2024,0.165661,0.151465,70159487842.29
COMP_0081,CL,2025,-0.109772,0.212443,62457958771.62
COMP_0081,CL,2026,0.186807,0.251681,74125538441.24
COMP_0082,SCHW,2018,-0.184336,0.278406,64932055565.12
COMP_0082,SCHW,2019,0.163769,0.294295,75565896871.01
COMP_0082,SCHW,2020,0.135675,0.533595,85818267337.78
COMP_0082,SCHW,2021,0.602307,0.305239,137507181251.71
COMP_0082,SCHW,2022,0.001074,0.363529,137654807149.32
COMP_0082,SCHW,2023,-0.159691,0.421531,115672506921.75
COMP_0082,SCHW,2024,0.09166,0.257587,126275034447.45
COMP_0082,SCHW,2025,0.366486,0.249951,172553073099.33
COMP_0082,SCHW,2026,-0.076072,0.286927,159426548742.24
COMP_0083,USB,2018,-0.123607,0.188934,52820941572.22
COMP_0083,USB,2019,0.336222,0.162297,70580523678.88
COMP_0083,USB,2020,-0.178546,0.585659,57978663914.46
COMP_0083,USB,2021,0.243224,0.264207,72080490551.96
COMP_0083,USB,2022,-0.191298,0.29077,58291613825.41
COMP_0083,USB,2023,0.047904,0.402693,61084031445.3
COMP_0083,USB,2024,0.156248,0.253194,70628263915.93
COMP_0083,USB,2025,0.164846,0.271266,82271064270.35
COMP_0083,USB,2026,0.139362,0.246673,93736505543.95
COMP_0084,EQIX,2018,-0.204139,0.24171,30182351706.93
COMP_0084,EQIX,2019,0.688613,0.212604,50966313405.71
COMP_0084,EQIX,2020,0.242201,0.406247,63310416594.56
COMP_0084,EQIX,2021,0.202767,0.249087,76147659082.05
COMP_0084,EQIX,2022,-0.211263,0.35813,60060487578.56
COMP_0084,EQIX,2023,0.254052,0.242257,75318984248.27
COMP_0084,EQIX,2024,0.194509,0.246747,89969223814.25
COMP_0084,EQIX,2025,-0.168799,0.273452,74782480137.46
COMP_0084,EQIX,2026,0.450749,0.252242,108490621622.43
COMP_0085,ITW,2018,-0.221034,0.250836,30625835330.2
COMP_0085,ITW,2019,0.456033,0.228589,44592226913.45
COMP_0085,ITW,2020,0.164243,0.427694,51916175294.49
COMP_0085,ITW,2021,0.235956,0.167366,64166095014.95
COMP_0085,ITW,2022,-0.084574,0.260402,58739326547.24
COMP_0085,ITW,2023,0.215642,0.204624,71405975784.3
COMP_0085,ITW,2024,-0.009663,0.154824,70715949705.51
COMP_0085,ITW,2025,-0.004253,0.226231,70415193983.46
COMP_0085,ITW,2026,0.078561,0.230288,75947049160.77
COMP_0086,NSC,2018,0.052204,0.269094,28865236639.02
COMP_0086,NSC,2019,0.323885,0.23761,38214260082.47
COMP_0086,NSC,2020,0.247649,0.479557,47677986303.23
COMP_0086,NSC,2021,0.2726,0.21947,60675007006.24
COMP_0086,NSC,2022,-0.155895,0.29057,51216064922.83
COMP_0086,NSC,2023,-0.016343,0.225525,50379053362.53
COMP_0086,NSC,2024,0.015512,0.276659,51160512726.23
COMP_0086,NSC,2025,0.256466,0.227446,64281444642.84
COMP_0086,NSC,2026,0.067601,0.238133,68626942397.23
COMP_0087,DUK,2018,0.074159,0.170648,49919834743.99
COMP_0087,DUK,2019,0.102882,0.125346,55055675822.63
COMP_0087,DUK,2020,0.047715,0.414206,57682631718.48
COMP_0087,DUK,2021,0.191114,0.160891,68706585683.11
COMP_0087,DUK,2022,0.020264,0.216942,70098887474.92
COMP_0087,DUK,2023,-0.016264,0.180831,68958780348.61
COMP_0087,DUK,2024,0.155598,0.164271,79688660856.2
COMP_0087,DUK,2025,0.127244,0.16958,89828556564.96
COMP_0087,DUK,2026,0.093257,0.15999,98205736407.15
COMP_0088,AON,2018,0.099444,0.177673,29274912490.57
COMP_0088,AON,2019,0.446752,0.19873,42353538253.44
COMP_0088,AON,2020,0.023658,0.398651,43355527522.54
COMP_0088,AON,2021,0.433901,0.222154,62167545268.88
COMP_0088,AON,2022,0.006125,0.279407,62548324655.41
COMP_0088,AON,2023,-0.023054,0.198122,61106328285.69
COMP_0088,AON,2024,0.244507,0.194632,76047237760.01
COMP_0088,AON,2025,-0.011552,0.217115,75168735700.25
COMP_0088,AON,2026,-0.068821,0.283831,69995575842.2
COMP_0089,GE,2018,-0.553898,0.396063,36665737367.77
COMP_0089,GE,2019,0.539366,0.403505,56441990574.78
COMP_0089,GE,2020,-0.027347,0.629735,54898461136.63
COMP_0089,GE,2021,0.096853,0.324371,60215523991.2
COMP_0089,GE,2022,-0.109232,0.349424,53638048539.56
COMP_0089,GE,2023,0.957123,0.242983,104976263485.67
COMP_0089,GE,2024,0.648255,0.304878,173027630857.05
COMP_0089,GE,2025,0.857338,0.304524,321370715943.86
COMP_0089,GE,2026,0.194706,0.38787,383943535489.84
COMP_0091,ASML.AS,2018,-0.046742,0.293702,49113923134.24
COMP_0091,ASML.AS,2019,0.953157,0.25807,95927208150.32
COMP_0091,ASML.AS,2020,0.52102,0.401473,145907191877.49
COMP_0091,ASML.AS,2021,0.787362,0.333469,260789038015.39
COMP_0091,ASML.AS,2022,-0.278331,0.451142,188203252007.13
COMP_0091,ASML.AS,2023,0.366632,0.281533,257204517291.54
COMP_0091,ASML.AS,2024,0.003646,0.409157,258142208547.92
COMP_0091,ASML.AS,2025,0.370816,0.369657,353865428094.59
COMP_0091,ASML.AS,2026,0.692344,0.452084,598861986696.22
COMP_0092,SAP.DE,2018,-0.05614,0.220728,89406436265.76
COMP_0092,SAP.DE,2019,0.402729,0.258378,125412999899.11
COMP_0092,SAP.DE,2020,-0.095914,0.398356,113384145131.35
COMP_0092,SAP.DE,2021,0.18436,0.211949,134287676154.42
COMP_0092,SAP.DE,2022,-0.20703,0.268712,106486076008.55
COMP_0092,SAP.DE,2023,0.471707,0.19301,156716315149.97
COMP_0092,SAP.DE,2024,0.715582,0.232897,268859741729.67
COMP_0092,SAP.DE,2025,-0.110312,0.29407,239201165783.79
COMP_0092,SAP.DE,2026,-0.341738,0.472099,157457013925.9
COMP_0093,NESN.SW,2018,-0.017553,0.147724,162596951286.93
COMP_0093,NESN.SW,2019,0.347593,0.133489,219114593669.13
COMP_0093,NESN.SW,2020,0.020905,0.21526,223695124201.81
COMP_0093,NESN.SW,2021,0.254055,0.123354,280526012552.95
COMP_0093,NESN.SW,2022,-0.139948,0.182609,241266923918.3
COMP_0093,NESN.SW,2023,-0.066196,0.145634,225296010880.28
COMP_0093,NESN.SW,2024,-0.207103,0.16436,178636530384.67
COMP_0093,NESN.SW,2025,0.089312,0.208892,194590958858.49
COMP_0093,NESN.SW,2026,0.09569,0.215348,213211314230.04
COMP_0094,OR.PA,2018,0.108317,0.186341,94847524225.63
COMP_0094,OR.PA,2019,0.333189,0.183991,126449685210.29
COMP_0094,OR.PA,2020,0.19275,0.303581,150822855129.37
COMP_0094,OR.PA,2021,0.357379,0.182786,204723757719.84
COMP_0094,OR.PA,2022,-0.188385,0.302559,166156888062.55
COMP_0094,OR.PA,2023,0.369878,0.194745,227614600094.43
COMP_0094,OR.PA,2024,-0.229763,0.227575,175317231654.34
COMP_0094,OR.PA,2025,0.091833,0.245159,191417108364.37
COMP_0094,OR.PA,2026,0.075411,0.294913,205852148977.09
COMP_0095,MC.PA,2018,0.073059,0.258179,111779573060.62
COMP_0095,MC.PA,2019,0.631738,0.237275,182395000085.81
COMP_0095,MC.PA,2020,0.246615,0.361896,227376286184.81
COMP_0095,MC.PA,2021,0.438335,0.241563,327043266703.12
COMP_0095,MC.PA,2022,-0.047571,0.334048,311485490608.12
COMP_0095,MC.PA,2023,0.096043,0.257899,341401348261.88
COMP_0095,MC.PA,2024,-0.117299,0.286599,301355406088.12
COMP_0095,MC.PA,2025,0.039289,0.327131,313195484537.62
COMP_0095,MC.PA,2026,-0.223195,0.315794,243291666432.0
COMP_0097,TTE.PA,2018,0.053984,0.187072,65724524316.37
COMP_0097,TTE.PA,2019,0.108544,0.175314,72858535466.39
COMP_0097,TTE.PA,2020,-0.225063,0.515776,56460774443.78
COMP_0097,TTE.PA,2021,0.35557,0.23109,76536549827.42
COMP_0097,TTE.PA,2022,0.415113,0.321988,108307837252.14
COMP_0097,TTE.PA,2023,0.10441,0.231599,119616252821.68
COMP_0097,TTE.PA,2024,-0.090104,0.191636,108838331998.11
COMP_0097,TTE.PA,2025,0.123571,0.203919,122287544977.9
COMP_0097,TTE.PA,2026,0.263662,0.265398,154530149600.59
COMP_0098,AIR.PA,2018,0.028426,0.272778,59794868641.59
COMP_0098,AIR.PA,2019,0.575999,0.232542,94236663681.29
COMP_0098,AIR.PA,2020,-0.311925,0.731518,64841874686.48
COMP_0098,AIR.PA,2021,0.251503,0.328199,81149830947.45
COMP_0098,AIR.PA,2022,0.002241,0.358791,81331670842.41
COMP_0098,AIR.PA,2023,0.276976,0.203772,103858616376.69
COMP_0098,AIR.PA,2024,0.126593,0.232263,117006392742.92
COMP_0098,AIR.PA,2025,0.310633,0.277223,153352425541.16
COMP_0098,AIR.PA,2026,0.001538,0.341566,153588211992.36
COMP_0099,BNP.PA,2018,-0.33053,0.183879,27817907274.53
COMP_0099,BNP.PA,2019,0.436261,0.240296,39953772826.95
COMP_0099,BNP.PA,2020,-0.184081,0.558661,32599041078.15
COMP_0099,BNP.PA,2021,0.478767,0.266786,48206372692.87
COMP_0099,BNP.PA,2022,-0.059479,0.350603,45339082102.33
COMP_0099,BNP.PA,2023,0.25733,0.262936,57006200930.39
COMP_0099,BNP.PA,2024,0.009881,0.232934,57569490388.73
COMP_0099,BNP.PA,2025,0.501413,0.280529,86435557966.77
COMP_0099,BNP.PA,2026,0.293084,0.309277,111768396577.67
COMP_0100,SIE.DE,2018,-0.132453,0.18578,52820193408.49
COMP_0100,SIE.DE,2019,0.249544,0.201436,66001165985.54
COMP_0100,SIE.DE,2020,0.162881,0.405736,76751476010.46
COMP_0100,SIE.DE,2021,0.333501,0.266409,102348169693.16
COMP_0100,SIE.DE,2022,-0.126761,0.362403,89374403865.33
COMP_0100,SIE.DE,2023,0.349079,0.245574,120573110984.71
COMP_0100,SIE.DE,2024,0.141293,0.241188,137609245233.16
COMP_0100,SIE.DE,2025,0.297971,0.329293,178612823027.77
COMP_0100,SIE.DE,2026,0.158979,0.36888,207008544876.98
COMP_0101,ALV.DE,2018,-0.047032,0.184215,44809449770.05
COMP_0101,ALV.DE,2019,0.303117,0.140618,58391970864.04
COMP_0101,ALV.DE,2020,-0.022936,0.434049,57052708822.29
COMP_0101,ALV.DE,2021,0.081502,0.194827,61702623297.68
COMP_0101,ALV.DE,2022,0.019029,0.247134,62876786776.44
COMP_0101,ALV.DE,2023,0.269849,0.168711,79844007822.7
COMP_0101,ALV.DE,2024,0.288218,0.145197,102856503131.09
COMP_0101,ALV.DE,2025,0.376631,0.204924,141595454041.73
COMP_0101,ALV.DE,2026,0.083519,0.20202,153421296215.0
COMP_0102,DTE.DE,2018,0.049955,0.162418,53928883761.37
COMP_0102,DTE.DE,2019,0.029536,0.11887,55521748900.48
COMP_0102,DTE.DE,2020,0.068163,0.298792,59306256983.63
COMP_0102,DTE.DE,2021,0.129213,0.188054,66969424346.9
COMP_0102,DTE.DE,2022,0.186676,0.216935,79471001697.58
COMP_0102,DTE.DE,2023,0.203528,0.163182,95645610748.5
COMP_0102,DTE.DE,2024,0.375127,0.12459,131524903543.51
COMP_0102,DTE.DE,2025,-0.014507,0.226879,129616816911.89
COMP_0102,DTE.DE,2026,-0.013112,0.290419,127917315368.58
COMP_0103,BAS.DE,2018,-0.317256,0.200515,33645520875.31
COMP_0103,BAS.DE,2019,0.166282,0.226078,39240167198.92
COMP_0103,BAS.DE,2020,0.023485,0.425227,40161724995.8
COMP_0103,BAS.DE,2021,0.001436,0.205777,40219390459.29
COMP_0103,BAS.DE,2022,-0.194802,0.355136,32384588973.05
COMP_0103,BAS.DE,2023,0.13169,0.257629,36649299822.65
COMP_0103,BAS.DE,2024,-0.067374,0.230572,34180085186.76
COMP_0103,BAS.DE,2025,0.102267,0.295221,37675592593.48
COMP_0103,BAS.DE,2026,0.147551,0.283039,43234659319.38
COMP_0104,BMW.DE,2018,-0.149293,0.197748,27278378250.81
COMP_0104,BMW.DE,2019,0.089124,0.200244,29709543222.96
COMP_0104,BMW.DE,2020,0.042939,0.45513,30985252818.45
COMP_0104,BMW.DE,2021,0.253302,0.261609,38833865369.65
COMP_0104,BMW.DE,2022,0.013729,0.315638,39367034171.87
COMP_0104,BMW.DE,2023,0.311524,0.207999,51630819867.13
COMP_0104,BMW.DE,2024,-0.167787,0.265969,42967823873.58
COMP_0104,BMW.DE,2025,0.244298,0.309873,53464771395.69
COMP_0104,BMW.DE,2026,-0.30844,0.290827,36974113482.9
COMP_0105,MBG.DE,2018,-0.307924,0.215725,21922291537.42
COMP_0105,MBG.DE,2019,0.164915,0.258167,25537605890.35
COMP_0105,MBG.DE,2020,0.205627,0.594911,30788827391.7
COMP_0105,MBG.DE,2021,0.436854,0.271264,44239034787.15
COMP_0105,MBG.DE,2022,-0.01844,0.373409,43423260499.13
COMP_0105,MBG.DE,2023,0.100165,0.206707,47772772441.67
COMP_0105,MBG.DE,2024,-0.07285,0.228103,44292524531.16
COMP_0105,MBG.DE,2025,0.213164,0.274949,53734116217.72
COMP_0105,MBG.DE,2026,-0.208878,0.270605,42510246406.79
COMP_0106,VOW3.DE,2018,-0.146189,0.279291,39221531535.2
COMP_0106,VOW3.DE,2019,0.311413,0.231387,51435627793.11
COMP_0106,VOW3.DE,2020,-0.103444,0.532162,46114903614.62
COMP_0106,VOW3.DE,2021,0.192163,0.346037,54976465414.67
COMP_0106,VOW3.DE,2022,-0.196115,0.387132,44194781207.1
COMP_0106,VOW3.DE,2023,0.031656,0.227427,45593800855.23
COMP_0106,VOW3.DE,2024,-0.139003,0.228386,39256121030.74
COMP_0106,VOW3.DE,2025,0.239615,0.275374,48662490332.92
COMP_0106,VOW3.DE,2026,-0.216882,0.302047,38108464210.45
COMP_0107,ADS.DE,2018,0.106347,0.283892,29936563179.02
COMP_0107,ADS.DE,2019,0.610408,0.254325,48210084895.19
COMP_0107,ADS.DE,2020,0.02795,0.415976,49557564445.3
COMP_0107,ADS.DE,2021,-0.141058,0.287466,42567092122.82
COMP_0107,ADS.DE,2022,-0.487228,0.459611,21827226522.3
COMP_0107,ADS.DE,2023,0.450922,0.337423,31669609426.09
COMP_0107,ADS.DE,2024,0.289759,0.269928,40846150395.25
COMP_0107,ADS.DE,2025,-0.279527,0.330736,29428560336.11
COMP_0107,ADS.DE,2026,0.06065,0.341804,31213412736.0
COMP_0108,DBK.DE,2018,-0.556431,0.324373,11332452525.67
COMP_0108,DBK.DE,2019,0.01003,0.357174,11446115584.28
COMP_0108,DBK.DE,2020,0.293769,0.567084,14808631466.01
COMP_0108,DBK.DE,2021,0.231199,0.337324,18232370532.85
COMP_0108,DBK.DE,2022,-0.018343,0.454775,17897933262.31
COMP_0108,DBK.DE,2023,0.205378,0.315018,21573767421.64
COMP_0108,DBK.DE,2024,0.385154,0.288484,29882986388.89
COMP_0108,DBK.DE,2025,1.045123,0.362726,61114395389.86
COMP_0108,DBK.DE,2026,-0.055852,0.353638,57701015120.63
COMP_0109,ENEL.MI,2018,0.030497,0.199028,32843794751.16
COMP_0109,ENEL.MI,2019,0.472836,0.167821,48373511300.36
COMP_0109,ENEL.MI,2020,0.219308,0.373383,58982192336.29
COMP_0109,ENEL.MI,2021,-0.111159,0.214398,52425808412.49
COMP_0109,ENEL.MI,2022,-0.236924,0.285142,40004893168.76
COMP_0109,ENEL.MI,2023,0.432283,0.176489,57298331342.69
COMP_0109,ENEL.MI,2024,0.092108,0.162736,62575956226.03
COMP_0109,ENEL.MI,2025,0.373285,0.167508,85934591081.8
COMP_0109,ENEL.MI,2026,0.139388,0.248014,97912838764.3
COMP_0110,ENI.MI,2018,0.047887,0.191646,24809008808.12
COMP_0110,ENI.MI,2019,0.067281,0.161518,26478185446.35
COMP_0110,ENI.MI,2020,-0.339088,0.519119,17499737841.57
COMP_0110,ENI.MI,2021,0.523609,0.211617,26662758211.85
COMP_0110,ENI.MI,2022,0.161976,0.305591,30981494741.98
COMP_0110,ENI.MI,2023,0.233967,0.2151,38230128263.5
COMP_0110,ENI.MI,2024,-0.087225,0.175644,34895494288.28
COMP_0110,ENI.MI,2025,0.322951,0.193826,46165041223.28
COMP_0110,ENI.MI,2026,0.317883,0.317144,60840117651.31
COMP_0112,UCG.MI,2018,-0.353328,0.313408,11005915091.69
COMP_0112,UCG.MI,2019,0.344396,0.328015,14796309258.61
COMP_0112,UCG.MI,2020,-0.412596,0.544093,8691412215.59
COMP_0112,UCG.MI,2021,0.796222,0.327205,15611708872.62
COMP_0112,UCG.MI,2022,0.038062,0.47426,16205921048.12
COMP_0112,UCG.MI,2023,0.949439,0.344854,31592454509.82
COMP_0112,UCG.MI,2024,0.691176,0.279029,53428399535.3
COMP_0112,UCG.MI,2025,0.941132,0.316517,103711550531.17
COMP_0112,UCG.MI,2026,0.123366,0.364629,116506051958.43
COMP_0113,HSBA.L,2018,-0.156029,0.183583,11049829354176.63
COMP_0113,HSBA.L,2019,-0.084446,0.167787,10116717237259.3
COMP_0113,HSBA.L,2020,-0.359943,0.405275,6475278621231.66
COMP_0113,HSBA.L,2021,0.184678,0.254808,7671120272948.47
COMP_0113,HSBA.L,2022,0.14994,0.300766,8821327215032.26
COMP_0113,HSBA.L,2023,0.233141,0.208017,10877941161391.77
COMP_0113,HSBA.L,2024,0.236917,0.217699,13455112745153.47
COMP_0113,HSBA.L,2025,0.495505,0.240795,20122182534752.7
COMP_0113,HSBA.L,2026,0.218141,0.322576,24511651085104.46
COMP_0115,AZN.L,2018,0.147295,0.197239,9091349606275.25
COMP_0115,AZN.L,2019,0.295683,0.235354,11779506467019.28
COMP_0115,AZN.L,2020,-0.036935,0.323443,11344426009495.23
COMP_0115,AZN.L,2021,0.185194,0.218462,13445349805781.64
COMP_0115,AZN.L,2022,0.292994,0.252583,17384756376885.07
COMP_0115,AZN.L,2023,-0.054896,0.223568,16430409693852.64
COMP_0115,AZN.L,2024,-0.01224,0.217024,16229303455095.26
COMP_0115,AZN.L,2025,0.317629,0.257947,21384195248772.2
COMP_0115,AZN.L,2026,0.008805,0.257008,21572493243730.0
COMP_0116,GSK.L,2018,0.128321,0.211278,5995861962135.22
COMP_0116,GSK.L,2019,0.19373,0.162365,7157442364506.55
COMP_0116,GSK.L,2020,-0.245181,0.286528,5402572529899.87
COMP_0116,GSK.L,2021,0.198009,0.16944,6472330830327.68
COMP_0116,GSK.L,2022,-0.111288,0.25917,5752040387410.72
COMP_0116,GSK.L,2023,0.009161,0.175199,5804732696736.83
COMP_0116,GSK.L,2024,-0.071152,0.205653,5391717136522.66
COMP_0116,GSK.L,2025,0.355575,0.260099,7308875958029.26
COMP_0116,GSK.L,2026,0.068967,0.268647,7812948680550.0
COMP_0119,RIO.L,2018,-0.053236,0.273894,6029007061014.44
COMP_0119,RIO.L,2019,0.2086,0.240752,7286655424606.4
COMP_0119,RIO.L,2020,0.215588,0.408578,8857571328708.58
COMP_0119,RIO.L,2021,-0.104674,0.31828,7930411467735.6
COMP_0119,RIO.L,2022,0.186444,0.32925,9408990712230.98
COMP_0119,RIO.L,2023,0.008182,0.259239,9485978823094.29
COMP_0119,RIO.L,2024,-0.190995,0.219304,7674199729315.09
COMP_0119,RIO.L,2025,0.26986,0.211407,9745155613044.01
COMP_0119,RIO.L,2026,0.195347,0.328234,11648844157613.0
COMP_0120,BHP.L,2018,0.085421,0.296071,8344905865723.67
COMP_0120,BHP.L,2019,0.07708,0.235471,8988131042200.8
COMP_0120,BHP.L,2020,0.084029,0.473708,9743395608538.72
COMP_0120,BHP.L,2021,0.143692,0.304709,11143443297367.22
COMP_0120,BHP.L,2022,0.16978,0.376268,13035381429871.62
COMP_0120,BHP.L,2023,0.047078,0.258046,13649058349215.41
COMP_0120,BHP.L,2024,-0.27383,0.225893,9911540281128.42
COMP_0120,BHP.L,2025,0.157754,0.232468,11475127026664.49
COMP_0120,BHP.L,2026,0.348194,0.357151,15470701610280.0
COMP_0121,DGE.L,2018,0.025937,0.152265,6202722394846.37
COMP_0121,DGE.L,2019,0.145326,0.169905,7104140297794.22
COMP_0121,DGE.L,2020,-0.100538,0.361948,6389905432703.39
COMP_0121,DGE.L,2021,0.402673,0.163178,8962950456122.24
COMP_0121,DGE.L,2022,-0.095458,0.230943,8107362273532.53
COMP_0121,DGE.L,2023,-0.217348,0.208202,6345242885190.51
COMP_0121,DGE.L,2024,-0.111258,0.195668,5639281918394.87
COMP_0121,DGE.L,2025,-0.367817,0.262383,3565057796873.9
COMP_0121,DGE.L,2026,-0.014521,0.342285,3513287981040.0
COMP_0122,REL.L,2018,-0.070207,0.174108,2829433754863.27
COMP_0122,REL.L,2019,0.179063,0.207995,3336079759148.48
COMP_0122,REL.L,2020,-0.059059,0.33268,3139055775175.31
COMP_0122,REL.L,2021,0.340348,0.166637,4207428572568.46
COMP_0122,REL.L,2022,-0.047259,0.218361,4008589658015.52
COMP_0122,REL.L,2023,0.359553,0.166212,5449888954708.16
COMP_0122,REL.L,2024,0.167087,0.158568,6360492704735.04
COMP_0122,REL.L,2025,-0.167679,0.206377,5293971864217.68
COMP_0122,REL.L,2026,-0.212439,0.424824,4169327015784.0
COMP_0123,VOD.L,2018,-0.348887,0.239356,3503647846061.42
COMP_0123,VOD.L,2019,-0.039661,0.239631,3364689108022.24
COMP_0123,VOD.L,2020,-0.175436,0.397574,2774402938070.09
COMP_0123,VOD.L,2021,-0.071207,0.23081,2576846280354.17
COMP_0123,VOD.L,2022,-0.249067,0.245581,1935037706511.51
COMP_0123,VOD.L,2023,-0.185316,0.266666,1576444769022.35
COMP_0123,VOD.L,2024,-0.003036,0.248148,1571659243261.53
COMP_0123,VOD.L,2025,0.448412,0.261365,2276409427105.31
COMP_0123,VOD.L,2026,0.068184,0.254752,2431623844243.18
COMP_0124,LSEG.L,2018,0.071053,0.202874,1975976029264.91
COMP_0124,LSEG.L,2019,0.908142,0.27621,3770442347849.16
COMP_0124,LSEG.L,2020,0.16243,0.363766,4382874258115.78
COMP_0124,LSEG.L,2021,-0.230607,0.295252,3372150722814.16
COMP_0124,LSEG.L,2022,0.029855,0.277446,3472826724988.86
COMP_0124,LSEG.L,2023,0.299788,0.143773,4513938148538.26
COMP_0124,LSEG.L,2024,0.216998,0.133748,5493454988041.16
COMP_0124,LSEG.L,2025,-0.206632,0.27233,4358332379992.99
COMP_0124,LSEG.L,2026,-0.074964,0.375418,4031614377720.0
COMP_0125,NOVN.SW,2018,0.065073,0.184108,98923181441.17
COMP_0125,NOVN.SW,2019,0.284995,0.161004,127115752651.08
COMP_0125,NOVN.SW,2020,-0.053859,0.260771,120269472620.46
COMP_0125,NOVN.SW,2021,-0.001148,0.143995,120131393913.43
COMP_0125,NOVN.SW,2022,0.087516,0.167796,130644773631.7
COMP_0125,NOVN.SW,2023,0.119321,0.176871,146233415649.16
COMP_0125,NOVN.SW,2024,0.084427,0.164636,158579515428.83
COMP_0125,NOVN.SW,2025,0.279809,0.204609,202951533742.79
COMP_0125,NOVN.SW,2026,0.169009,0.199934,237252147940.46
COMP_0127,6758.T,2018,0.053192,0.288139,5976738131293.32
COMP_0127,6758.T,2019,0.399827,0.302567,8366396545851.97
COMP_0127,6758.T,2020,0.399168,0.308373,11705992582685.31
COMP_0127,6758.T,2021,0.414312,0.30966,16555923102444.03
COMP_0127,6758.T,2022,-0.302303,0.361305,11551018344894.59
COMP_0127,6758.T,2023,0.345327,0.249894,15539899552543.51
COMP_0127,6758.T,2024,0.264889,0.318455,19656244748476.83
COMP_0127,6758.T,2025,0.201069,0.397256,23608501943382.31
COMP_0127,6758.T,2026,-0.189188,0.371034,19142066300500.0
COMP_0128,9984.T,2018,-0.177208,0.364781,4958759637101.79
COMP_0128,9984.T,2019,0.311322,0.366131,6502531770409.15
COMP_0128,9984.T,2020,0.709857,0.59454,11118399092195.24
COMP_0128,9984.T,2021,-0.321801,0.398002,7540485119931.82
COMP_0128,9984.T,2022,0.047481,0.454518,7898512070816.02
COMP_0128,9984.T,2023,0.123587,0.313904,8874662846770.19
COMP_0128,9984.T,2024,0.466744,0.476967,13016862093793.03
COMP_0128,9984.T,2025,0.923683,0.623313,25040313853889.96
COMP_0128,9984.T,2026,0.501411,0.923,37595799655497.0
COMP_0129,6861.T,2018,-0.115789,0.318688,6494268460567.78
COMP_0129,6861.T,2019,0.386691,0.26707,9005540928424.69
COMP_0129,6861.T,2020,0.515158,0.296335,13644821307517.31
COMP_0129,6861.T,2021,0.250342,0.301317,17060690269604.62
COMP_0129,6861.T,2022,-0.285178,0.36344,12195363200666.62
COMP_0129,6861.T,2023,0.214252,0.253724,14808249437370.38
COMP_0129,6861.T,2024,0.045462,0.367533,15481456583534.81
COMP_0129,6861.T,2025,-0.116181,0.319037,13682802070124.25
COMP_0129,6861.T,2026,0.36038,0.469721,18613804188000.0
COMP_0130,9432.T,2018,-0.127379,0.268613,5656246483841.21
COMP_0130,9432.T,2019,0.277287,0.161508,7224647687730.79
COMP_0130,9432.T,2020,-0.001515,0.260803,7213701915408.67
COMP_0130,9432.T,2021,0.23204,0.191599,8887567064411.62
COMP_0130,9432.T,2022,0.233377,0.180726,10961723828452.77
COMP_0130,9432.T,2023,0.178313,0.153541,12916345552666.11
COMP_0130,9432.T,2024,-0.053588,0.170618,12224185105022.63
COMP_0130,9432.T,2025,0.032911,0.166831,12626497525813.6
COMP_0130,9432.T,2026,-0.064304,0.132985,11814568462270.07
COMP_0131,8058.T,2018,0.008892,0.22242,2788563776420.02
COMP_0131,8058.T,2019,0.002746,0.177588,2796221323536.83
COMP_0131,8058.T,2020,-0.075557,0.249324,2584946995040.37
COMP_0131,8058.T,2021,0.496833,0.222517,3869233744463.95
COMP_0131,8058.T,2022,0.215359,0.295224,4702509405819.26
COMP_0131,8058.T,2023,0.63706,0.26196,7698291122651.19
COMP_0131,8058.T,2024,0.186475,0.334465,9133826551429.55
COMP_0131,8058.T,2025,0.423807,0.271077,13004802994052.46
COMP_0131,8058.T,2026,0.27542,0.413181,16586588979630.0
COMP_0132,8306.T,2018,-0.329677,0.223613,4503397073367.18
COMP_0132,8306.T,2019,0.150257,0.165829,5180066206455.33
COMP_0132,8306.T,2020,-0.186321,0.313664,4214911768874.57
COMP_0132,8306.T,2021,0.426314,0.238932,6011787862451.6
COMP_0132,8306.T,2022,0.483779,0.249903,8920163070305.8
COMP_0132,8306.T,2023,0.411133,0.28708,12587536358067.88
COMP_0132,8306.T,2024,0.570377,0.361714,19767175003687.11
COMP_0132,8306.T,2025,0.395503,0.345001,27585149055892.68
COMP_0132,8306.T,2026,0.310211,0.352332,36142376336860.0
COMP_0133,6367.T,2018,-0.113355,0.307735,2965954043721.88
COMP_0133,6367.T,2019,0.33801,0.235226,3968476986130.51
COMP_0133,6367.T,2020,0.498243,0.311266,5945743349658.59
COMP_0133,6367.T,2021,0.14644,0.317405,6816436900918.67
COMP_0133,6367.T,2022,-0.218525,0.320232,5326871684842.34
COMP_0133,6367.T,2023,0.150534,0.281235,6128748261308.12
COMP_0133,6367.T,2024,-0.175169,0.342564,5055178665206.41
COMP_0133,6367.T,2025,0.095642,0.290258,5538664270778.2
COMP_0133,6367.T,2026,0.18045,0.421869,6538115458800.0
COMP_0134,6902.T,2018,-0.259673,0.248729,2686853868626.53
COMP_0134,6902.T,2019,0.046143,0.219559,2810832442648.36
COMP_0134,6902.T,2020,0.278621,0.355643,3593989904680.86
COMP_0134,6902.T,2021,0.582852,0.30959,5688753674819.55
COMP_0134,6902.T,2022,-0.297893,0.342114,3994111238967.39
COMP_0134,6902.T,2023,0.331965,0.263892,5320018368720.25
COMP_0134,6902.T,2024,0.067306,0.350678,5678088688705.27
COMP_0134,6902.T,2025,0.0048,0.293929,5705344310456.61
COMP_0134,6902.T,2026,-0.117884,0.273389,5032774545538.0
COMP_0136,4519.T,2018,0.121351,0.26906,3064098211722.79
COMP_0136,4519.T,2019,0.605336,0.20459,4918906525037.34
COMP_0136,4519.T,2020,0.652503,0.359175,8128508111084.43
COMP_0136,4519.T,2021,-0.308236,0.305456,5623009042087.23
COMP_0136,4519.T,2022,-0.077863,0.263098,5185187451679.07
COMP_0136,4519.T,2023,0.613529,0.234903,8366447840724.7
COMP_0136,4519.T,2024,0.330409,0.389619,11130799401944.85
COMP_0136,4519.T,2025,0.218783,0.438579,13566024870608.0
COMP_0136,4519.T,2026,-0.090137,0.456897,12343222920000.0
COMP_0140,7741.T,2018,0.193337,0.283803,2072837858236.97
COMP_0140,7741.T,2019,0.597513,0.26911,3311385783197.62
COMP_0140,7741.T,2020,0.37689,0.343229,4559412653346.94
COMP_0140,7741.T,2021,0.206131,0.297754,5499249750294.75
COMP_0140,7741.T,2022,-0.251601,0.379661,4115635073370.75
COMP_0140,7741.T,2023,0.39781,0.279731,5752875766428.0
COMP_0140,7741.T,2024,0.130598,0.358066,6504189444306.38
COMP_0140,7741.T,2025,0.210543,0.312938,7873602282168.75
COMP_0140,7741.T,2026,0.119495,0.334825,8814456969600.0
COMP_0143,6971.T,2018,-0.238559,0.299712,1501572504717.19
COMP_0143,6971.T,2019,0.39154,0.198718,2089498317715.25
COMP_0143,6971.T,2020,-0.135191,0.310794,1807017040671.17
COMP_0143,6971.T,2021,0.163294,0.232972,2102091347545.06
COMP_0143,6971.T,2022,-0.064033,0.225853,1967487108859.39
COMP_0143,6971.T,2023,0.291765,0.185688,2541530789813.08
COMP_0143,6971.T,2024,-0.213673,0.294332,1998473967668.39
COMP_0143,6971.T,2025,0.431884,0.279348,2861582738623.27
COMP_0143,6971.T,2026,0.619145,0.389943,4633316395552.0
COMP_0144,7751.T,2018,-0.249438,0.177133,1954957636868.13
COMP_0144,7751.T,2019,0.047671,0.16748,2048153291105.18
COMP_0144,7751.T,2020,-0.312177,0.391143,1408766031887.36
COMP_0144,7751.T,2021,0.469112,0.292065,2069635739294.46
COMP_0144,7751.T,2022,0.060421,0.209216,2194684973640.32
COMP_0144,7751.T,2023,0.315817,0.189047,2887803484978.05
COMP_0144,7751.T,2024,0.47266,0.292169,4252751812989.54
COMP_0144,7751.T,2025,-0.069351,0.275804,3957820989291.0
COMP_0144,7751.T,2026,-0.099288,0.227326,3564857972871.0
COMP_0145,8316.T,2018,-0.222048,0.196567,3291792272844.89
COMP_0145,8316.T,2019,0.162284,0.146932,3825997510050.29
COMP_0145,8316.T,2020,-0.156898,0.30239,3225706036823.73
COMP_0145,8316.T,2021,0.298232,0.228611,4187714597721.78
COMP_0145,8316.T,2022,0.417254,0.222826,5935056278838.48
COMP_0145,8316.T,2023,0.354417,0.262694,8038540834076.43
COMP_0145,8316.T,2024,0.699447,0.352263,13661070749728.67
COMP_0145,8316.T,2025,0.385464,0.327326,18926915213999.48
COMP_0145,8316.T,2026,0.280139,0.389356,24229076989460.0
COMP_0146,9983.T,2018,0.266947,0.303515,5403163173234.66
COMP_0146,9983.T,2019,0.162969,0.250108,6283712924191.19
COMP_0146,9983.T,2020,0.434137,0.391499,9011702804962.89
COMP_0146,9983.T,2021,-0.289778,0.313326,6400305433511.13
COMP_0146,9983.T,2022,0.243857,0.351478,7961066152184.18
COMP_0146,9983.T,2023,0.316149,0.275036,10477949092555.14
COMP_0146,9983.T,2024,0.551923,0.306787,16260972074295.0
COMP_0146,9983.T,2025,0.069362,0.314456,17388859826945.04
COMP_0146,9983.T,2026,0.438836,0.383444,25019712481140.0
COMP_0147,8031.T,2018,-0.037978,0.224506,1834116956707.45
COMP_0147,8031.T,2019,0.203542,0.187058,2207436838875.52
COMP_0147,8031.T,2020,0.016772,0.318785,2244461017367.53
COMP_0147,8031.T,2021,0.49266,0.280115,3350217720489.29
COMP_0147,8031.T,2022,0.470604,0.310395,4926843902384.44
COMP_0147,8031.T,2023,0.423756,0.284413,7014625548991.79
COMP_0147,8031.T,2024,0.284826,0.381448,9012576022120.07
COMP_0147,8031.T,2025,0.446691,0.270004,13038410313762.37
COMP_0147,8031.T,2026,-0.000957,0.406002,13025929091292.0
COMP_0148,4502.T,2018,-0.400455,0.308102,4185493254386.18
COMP_0148,4502.T,2019,0.220367,0.274235,5107836308150.69
COMP_0148,4502.T,2020,-0.089321,0.312096,4651598995713.39
COMP_0148,4502.T,2021,-0.125147,0.192518,4069463133335.18
COMP_0148,4502.T,2022,0.377375,0.180075,5605175424415.9
COMP_0148,4502.T,2023,0.026945,0.169145,5756208864667.96
COMP_0148,4502.T,2024,0.078809,0.171207,6209851881513.56
COMP_0148,4502.T,2025,0.209029,0.207478,7507892985209.43
COMP_0148,4502.T,2026,0.074027,0.234827,8063678580320.0
